Date,AAPL,AMZN,MSFT,NVDA,SPY,TSLA
2021-01-04,125.856689453125,159.3314971923828,208.40652465820312,13.076726913452148,344.25677490234375,243.2566680908203
2021-01-05,127.41275024414062,160.92550659179688,208.6075439453125,13.367157936096191,346.6278381347656,245.0366668701172
2021-01-06,123.12385559082031,156.91900634765625,203.1985626220703,12.57912540435791,348.7000427246094,251.9933319091797
2021-01-07,127.32525634765625,158.10800170898438,208.98095703125,13.306578636169434,353.8808898925781,272.0133361816406
2021-01-08,128.42422485351562,159.13499450683594,210.25425720214844,13.239519119262695,355.897216796875,293.3399963378906
2021-01-11,125.4384994506836,155.7104949951172,208.2150421142578,13.583301544189453,353.4981994628906,270.39666748046875
2021-01-12,125.26345825195312,156.04150390625,205.76425170898438,13.44693374633789,353.5727233886719,283.14666748046875
2021-01-13,127.29608154296875,158.29449462890625,207.11410522460938,13.493802070617676,354.5249328613281,284.8033447265625
2021-01-14,125.37044525146484,156.37350463867188,203.93563842773438,13.163230895996094,353.283447265625,281.6666564941406
2021-01-15,123.6490249633789,155.21249389648438,203.58143615722656,12.823436737060547,350.7070617675781,275.38665771484375
2021-01-19,124.32008361816406,156.03799438476562,207.20982360839844,12.98872184753418,353.4608154296875,281.51666259765625
2021-01-20,128.40476989746094,163.16900634765625,214.77293395996094,13.328269958496094,358.35235595703125,283.48333740234375
2021-01-21,133.1118621826172,165.34950256347656,215.37606811523438,13.828609466552734,358.67889404296875,281.663330078125
2021-01-22,135.25149536132812,164.6114959716797,216.3142852783203,13.674044609069824,357.4094543457031,282.21331787109375
2021-01-25,138.9957275390625,164.6999969482422,219.74163818359375,13.61496353149414,358.8189697265625,293.6000061035156
2021-01-26,139.22914123535156,166.30650329589844,222.42221069335938,13.397574424743652,358.2589416503906,294.36334228515625
2021-01-27,138.1593780517578,161.62899780273438,222.96788024902344,12.881525993347168,349.5028991699219,288.0533447265625
2021-01-28,133.3258056640625,161.88099670410156,228.7407684326172,13.014399528503418,352.5086975097656,278.4766540527344
2021-01-29,128.3367156982422,160.30999755859375,222.0679931640625,12.953324317932129,345.45159912109375,264.510009765625
2021-02-01,130.4568328857422,167.1439971923828,229.4300079345703,13.199882507324219,351.2018127441406,279.9366760253906
2021-02-02,131.2834930419922,169.0,229.2960205078125,13.5187349319458,356.1679382324219,290.92999267578125
2021-02-03,130.26231384277344,165.62649536132812,232.63719177246094,13.49255657196045,356.447998046875,284.89666748046875
2021-02-04,133.61756896972656,166.5500030517578,231.6894073486328,13.625932693481445,360.4991760253906,283.3299865722656
2021-02-05,133.20362854003906,167.6074981689453,231.8712921142578,13.552887916564941,361.9180908203125,284.07666015625
2021-02-08,133.3497314453125,166.14700317382812,232.12977600097656,14.398260116577148,364.5318908691406,287.8066711425781
2021-02-09,132.47312927246094,165.25,233.3743438720703,14.223251342773438,364.2890625,283.1533203125
2021-02-10,131.86927795410156,164.32899475097656,232.4648895263672,14.722846031188965,364.1304626464844,268.2733459472656
2021-02-11,131.61602783203125,163.10650634765625,234.06361389160156,15.20798110961914,364.7185363769531,270.5533447265625
2021-02-12,131.84974670410156,163.885498046875,234.54234313964844,14.919294357299805,366.5201416015625,272.0400085449219
2021-02-16,129.72650146484375,163.44749450683594,233.3073272705078,15.287259101867676,366.2027587890625,265.40667724609375
2021-02-17,127.43756866455078,165.4320068359375,234.32444763183594,14.8641996383667,366.2867736816406,266.04998779296875
2021-02-18,126.33695220947266,166.4114990234375,233.9309844970703,14.787415504455566,364.72784423828125,262.4599914550781
2021-02-19,126.4927749633789,162.4949951171875,231.22508239746094,14.8846435546875,364.0838317871094,260.4333190917969
2021-02-22,122.72344970703125,159.03700256347656,225.02630615234375,14.3154935836792,361.28338623046875,238.1666717529297
2021-02-23,122.58707427978516,159.72500610351562,223.83645629882812,14.102338790893555,361.72210693359375,232.94667053222656
2021-02-24,122.09036254882812,157.97650146484375,225.064697265625,14.458342552185059,365.7080078125,247.33999633789062
2021-02-25,117.84371948242188,152.85800170898438,219.7295379638672,13.270183563232422,356.89593505859375,227.4066619873047
2021-02-26,118.106689453125,154.64649963378906,222.9824676513672,13.67603874206543,355.0570373535156,225.1666717529297
2021-03-01,124.4668960571289,157.3070068359375,227.35804748535156,13.802932739257812,363.6636657714844,239.47666931152344
2021-03-02,121.86632537841797,154.72650146484375,224.41221618652344,13.368654251098633,360.82598876953125,228.81333923339844
2021-03-03,118.88587188720703,150.25,218.3573760986328,12.768839836120605,356.0465393066406,217.73333740234375
2021-03-04,117.00607299804688,148.8784942626953,217.5609588623047,12.335559844970703,351.6405334472656,207.14666748046875
2021-03-05,118.26255798339844,150.0229949951172,222.23402404785156,12.426554679870605,358.1094970703125,199.31666564941406
2021-03-08,113.33412170410156,147.59750366210938,218.1942596435547,11.56074047088623,356.3266296386719,187.6666717529297
2021-03-09,117.94110870361328,153.1425018310547,224.32583618164062,12.489449501037598,361.4140319824219,224.52667236328125
2021-03-10,116.85999298095703,152.8820037841797,223.0207977294922,12.437577247619629,363.6636657714844,222.68666076660156
2021-03-11,118.78851318359375,155.67950439453125,227.54034423828125,12.96153450012207,367.3508605957031,233.1999969482422
2021-03-12,117.88268280029297,154.47450256347656,226.21620178222656,12.824373245239258,367.84564208984375,231.2433319091797
2021-03-15,120.76569366455078,154.08399963378906,225.31417846679688,13.158799171447754,370.03936767578125,235.97999572753906
2021-03-16,122.30464172363281,154.59300231933594,228.096923828125,13.258553504943848,369.5726623535156,225.6266632080078
2021-03-17,121.51569366455078,156.7864990234375,227.45399475097656,13.308430671691895,370.83282470703125,233.93666076660156
2021-03-18,117.39569091796875,151.39950561523438,221.3895721435547,12.691201210021973,365.437255859375,217.72000122070312
2021-03-19,116.86970520019531,153.7480010986328,221.0345458984375,12.814148902893066,364.7611389160156,218.2899932861328
2021-03-22,120.18131256103516,155.5435028076172,226.4464569091797,13.153809547424316,367.6737365722656,223.3333282470703
2021-03-23,119.35340881347656,156.875,227.97216796875,13.038594245910645,364.7798767089844,220.72000122070312
2021-03-24,116.96710968017578,154.35350036621094,225.93789672851562,12.611898422241211,362.9255676269531,210.08999633789062
2021-03-25,117.4541244506836,152.31300354003906,222.94407653808594,12.504410743713379,364.96722412109375,213.4633331298828
2021-03-26,118.05801391601562,152.60150146484375,226.91664123535156,12.807663917541504,370.84857177734375,206.23666381835938
2021-03-29,118.23332977294922,153.7864990234375,225.72682189941406,12.91639518737793,370.6612854003906,203.76333618164062
2021-03-30,116.78206634521484,152.76449584960938,222.47393798828125,12.840082168579102,369.6779479980469,211.8733367919922
2021-03-31,118.97356414794922,154.70399475097656,226.23538208007812,13.315413475036621,371.1763610839844,222.64332580566406
2021-04-01,119.80145263671875,158.0500030517578,232.5492706298828,13.77777099609375,375.18475341796875,220.5833282470703
2021-04-05,122.62602996826172,161.3365020751953,238.99754333496094,13.953085899353027,380.56982421875,230.35000610351562
2021-04-06,122.92797088623047,161.1909942626953,237.83644104003906,13.827399253845215,380.3450622558594,230.5399932861328
2021-04-07,124.57403564453125,163.96949768066406,239.79393005371094,14.10870361328125,380.78515625,223.6566619873047
2021-04-08,126.9700698852539,164.96499633789062,243.00845336914062,14.281778335571289,382.5927429199219,227.93333435058594
2021-04-09,129.5414276123047,168.61000061035156,245.50331115722656,14.36457347869873,385.374267578125,225.67333984375
2021-04-12,127.82718658447266,168.96949768066406,245.5608673095703,15.17158317565918,385.5147399902344,233.9933319091797
2021-04-13,130.93426513671875,170.0,248.0365753173828,15.640924453735352,386.6572570800781,254.10667419433594
2021-04-14,128.5966339111328,166.64999389648438,245.25384521484375,15.239418029785156,385.3367919921875,244.07666015625
2021-04-15,131.00241088867188,168.95449829101562,249.00572204589844,16.097551345825195,389.47625732421875,246.28334045410156
2021-04-16,130.6712646484375,169.9720001220703,250.195556640625,15.873353958129883,390.77813720703125,246.5933380126953
2021-04-19,131.3335418701172,168.60049438476562,248.27642822265625,15.323957443237305,388.858154296875,238.2100067138672
2021-04-20,129.64854431152344,166.7344970703125,247.8158416748047,15.133927345275879,386.0111083984375,239.663330078125
2021-04-21,130.02841186523438,168.1009979248047,250.04202270507812,15.322710990905762,389.6636047363281,248.0399932861328
2021-04-22,128.50900268554688,165.45199584960938,246.76995849609375,14.813715934753418,386.104736328125,239.89666748046875
2021-04-23,130.8271026611328,167.04400634765625,250.5890350341797,15.22769546508789,390.2909851074219,243.13333129882812
2021-04-26,131.2166748046875,170.4499969482422,250.97276306152344,15.439920425415039,391.1058044433594,246.06666564941406
2021-04-27,130.89527893066406,170.8715057373047,251.37582397460938,15.34390926361084,391.02154541015625,234.913330078125
2021-04-28,130.10633850097656,172.9250030517578,244.2655029296875,15.239167213439941,390.90911865234375,231.46665954589844
2021-04-29,130.00897216796875,173.5655059814453,242.29837036132812,15.28704833984375,393.40032958984375,225.6666717529297
2021-04-30,128.04148864746094,173.37100219726562,241.9817352294922,14.972575187683105,390.8155212402344,236.47999572753906
2021-05-03,129.0933837890625,169.32449340820312,241.6746826171875,14.800249099731445,391.6584167480469,228.3000030517578
2021-05-04,124.52531433105469,165.593505859375,237.76927185058594,14.315942764282227,389.2421569824219,224.53334045410156
2021-05-05,124.76885223388672,163.52699279785156,236.5026397705078,14.422928810119629,389.36383056640625,223.64666748046875
2021-05-06,126.36616516113281,165.31849670410156,239.63079833984375,14.487273216247559,392.47314453125,221.17999267578125
2021-05-07,127.03939056396484,164.58050537109375,242.25042724609375,14.775811195373535,395.3296203613281,224.1233367919922
2021-05-10,123.76116180419922,159.52450561523438,237.18392944335938,14.230655670166016,391.41485595703125,209.67999267578125
2021-05-11,122.8440933227539,161.19549560546875,236.27236938476562,14.2710542678833,387.921630859375,205.73333740234375
2021-05-12,119.78053283691406,157.5970001220703,229.33474731445312,13.724655151367188,379.68017578125,196.6300048828125
2021-05-13,121.92698669433594,158.07350158691406,233.20175170898438,13.631631851196289,384.2410583496094,190.56333923339844
2021-05-14,124.34658813476562,161.14500427246094,238.11471557617188,14.20796012878418,390.14117431640625,196.5800018310547
2021-05-17,123.19532012939453,163.51950073242188,235.26480102539062,14.130650520324707,389.1484680175781,192.27667236328125
2021-05-18,121.8099136352539,161.61399841308594,233.249755859375,13.981269836425781,385.79571533203125,192.6233367919922
2021-05-19,121.65380859375,161.58999633789062,233.82679748535156,14.031147956848145,384.7842102050781,187.82000732421875
2021-05-20,124.21001434326172,162.38400268554688,237.05838012695312,14.576552391052246,388.9236755371094,195.5933380126953
2021-05-21,122.37577056884766,160.1540069580078,235.79847717285156,14.95486831665039,388.6052551269531,193.6266632080078
2021-05-24,124.00511932373047,162.24949645996094,241.19398498535156,15.573592185974121,392.56689453125,202.14666748046875
2021-05-25,123.80998992919922,162.95249938964844,242.09808349609375,15.60925579071045,391.69580078125,201.56333923339844
2021-05-26,123.76116180419922,163.25799560546875,241.87689208984375,15.661375999450684,392.47314453125,206.3766632080078
2021-05-27,122.22943115234375,161.5054931640625,239.7802276611328,15.449896812438965,392.6792297363281,210.28334045410156
2021-05-28,121.57574462890625,161.15350341796875,240.13601684570312,16.20453643798828,393.3816223144531,208.4066619873047
2021-06-01,121.25377655029297,160.9324951171875,237.94320678710938,16.224485397338867,393.0351257324219,207.96665954589844
2021-06-02,122.01477813720703,161.69949340820312,237.84703063964844,16.73697280883789,393.6532897949219,201.7066650390625
2021-06-03,120.53180694580078,159.35049438476562,236.31787109375,16.92800521850586,392.192138671875,190.94667053222656
2021-06-04,122.82456970214844,160.31100463867188,241.20361328125,17.53500747680664,395.7791748046875,199.68333435058594
2021-06-07,122.8343276977539,159.90049743652344,244.1082305908203,17.57565689086914,395.3951110839844,201.7100067138672
2021-06-08,123.65386962890625,163.20550537109375,242.91558837890625,17.41405487060547,395.4794921875,201.19667053222656
2021-06-09,124.03439331054688,164.0574951171875,243.89659118652344,17.31951332092285,394.88946533203125,199.5933380126953
2021-06-10,123.03921508789062,167.4824981689453,247.4070587158203,17.3861141204834,396.7250671386719,203.3733367919922
2021-06-11,124.24903869628906,167.3415069580078,248.03221130371094,17.785470962524414,397.380615234375,203.29666137695312
2021-06-14,127.30278015136719,169.19349670410156,249.9557647705078,17.978540420532227,398.2703552246094,205.89666748046875
2021-06-15,126.48326873779297,169.156494140625,248.48428344726562,17.74880599975586,397.5398254394531,199.7866668701172
2021-06-16,126.9808349609375,170.7624969482422,247.54173278808594,17.770505905151367,395.3201599121094,201.6233367919922
2021-06-17,128.58087158203125,174.46200561523438,250.92723083496094,18.615615844726562,395.1890869140625,205.53334045410156
2021-06-18,127.28331756591797,174.34500122070312,249.51332092285156,18.597156524658203,389.85791015625,207.77000427246094
2021-06-21,129.07852172851562,172.697998046875,252.59100341796875,18.386131286621094,395.4390563964844,206.94332885742188
2021-06-22,130.71755981445312,175.27200317382812,255.3610382080078,18.844602584838867,397.55316162109375,207.90333557128906
2021-06-23,130.4443817138672,175.1909942626953,255.13014221191406,19.014726638793945,397.073974609375,218.85667419433594
2021-06-24,130.16148376464844,172.45399475097656,256.4959411621094,19.162641525268555,399.4229431152344,226.60667419433594
2021-06-25,129.86875915527344,170.072998046875,254.88967895507812,18.98853302001953,400.8417663574219,223.9566650390625
2021-06-28,131.49807739257812,172.1945037841797,258.4482727050781,19.94040298461914,401.6497497558594,229.57333374023438
2021-06-29,133.01036071777344,172.40699768066406,261.02581787109375,19.982057571411133,401.8658752441406,226.9199981689453
2021-06-30,133.62503051757812,172.00799560546875,260.544921875,19.957862854003906,402.20416259765625,226.56666564941406
2021-07-01,133.92747497558594,171.64849853515625,261.21820068359375,20.166894912719727,404.4309997558594,225.97332763671875
2021-07-02,136.55197143554688,175.5489959716797,267.03692626953125,20.441286087036133,407.5223083496094,226.3000030517578
2021-07-06,138.5618133544922,183.78700256347656,267.0464782714844,20.65230941772461,406.77996826171875,219.86000061035156
2021-07-07,141.04971313476562,184.82899475097656,269.2297058105469,20.3262939453125,408.2175598144531,214.88333129882812
2021-07-08,139.75209045410156,186.57049560546875,266.81573486328125,19.858335494995117,404.8913879394531,217.60333251953125
2021-07-09,141.57655334472656,185.9669952392578,267.31585693359375,20.00550651550293,409.2134704589844,218.98333740234375
2021-07-12,140.98141479492188,185.92750549316406,266.71954345703125,20.466726303100586,410.6793212890625,228.56666564941406
2021-07-13,142.09365844726562,183.8679962158203,270.2396545410156,20.204811096191406,409.2792663574219,222.84666442871094
2021-07-14,145.5181884765625,184.08399963378906,271.7111511230469,19.797222137451172,409.89007568359375,217.7933349609375
2021-07-15,144.86453247070312,181.55999755859375,270.2878112792969,18.923925399780273,408.49005126953125,216.86666870117188
2021-07-16,142.82537841796875,178.68150329589844,270.01837158203125,18.120471954345703,405.2860412597656,214.74000549316406
2021-07-19,138.9813690185547,177.47950744628906,266.42138671875,18.737842559814453,399.30084228515625,215.4066619873047
2021-07-20,142.5912628173828,178.6595001220703,268.64306640625,18.570466995239258,405.02301025390625,220.1666717529297
2021-07-21,141.85951232910156,179.25999450683594,270.6435546875,19.366687774658203,408.3021240234375,218.42999267578125
2021-07-22,143.22540283203125,181.90150451660156,275.202392578125,19.550277709960938,409.1572265625,216.4199981689453
2021-07-23,144.94256591796875,182.83200073242188,278.5974426269531,19.514354705810547,413.3665771484375,214.4600067138672
2021-07-26,145.36209106445312,184.99099731445312,278.0011291503906,19.250946044921875,414.38134765625,219.2066650390625
2021-07-27,143.1961212158203,181.3195037841797,275.5870666503906,19.165136337280273,412.49273681640625,214.92666625976562
2021-07-28,141.44970703125,181.51600646972656,275.279296875,19.459482192993164,412.3235778808594,215.66000366210938
2021-07-29,142.09365844726562,179.99600219726562,275.5486145019531,19.618127822875977,414.0337219238281,225.78334045410156
2021-07-30,142.30833435058594,166.37950134277344,274.0194091796875,19.455490112304688,412.0229797363281,229.06666564941406
2021-08-02,141.97657775878906,166.57400512695312,273.932861328125,19.7059268951416,411.15850830078125,236.55667114257812
2021-08-03,143.77175903320312,168.31199645996094,276.1448974609375,19.770784378051758,414.5034484863281,236.5800018310547
2021-08-04,143.3717498779297,167.73599243164062,275.5582580566406,20.228755950927734,412.4645690917969,236.97332763671875
2021-08-05,143.47909545898438,168.79949951171875,278.45318603515625,20.590946197509766,415.07666015625,238.2100067138672
2021-08-06,142.79513549804688,167.2469940185547,278.39544677734375,20.32054901123047,415.7626037597656,233.03334045410156
2021-08-09,142.7462615966797,167.093505859375,277.3086853027344,20.249711990356445,415.4242858886719,237.9199981689453
2021-08-10,142.26747131347656,166.03399658203125,275.4908752441406,19.89151382446289,415.9410400390625,236.663330078125
2021-08-11,142.52151489257812,164.60549926757812,275.9814453125,19.65503692626953,416.9746398925781,235.94000244140625
2021-08-12,145.482177734375,165.1750030517578,278.7320861816406,19.860578536987305,418.2242736816406,240.75
2021-08-13,145.68734741210938,164.69850158691406,281.6559143066406,20.142948150634766,418.9853515625,239.05667114257812
2021-08-16,147.6611328125,164.94949340820312,283.33905029296875,19.905479431152344,419.97198486328125,228.72332763671875
2021-08-17,146.75241088867188,162.09800720214844,281.8771667480469,19.414581298828125,417.218994140625,221.90333557128906
2021-08-18,143.01010131835938,160.06100463867188,280.1522521972656,18.997512817382812,412.6524353027344,229.663330078125
2021-08-19,143.34230041503906,159.3874969482422,285.9724426269531,19.75382423400879,413.29144287109375,224.49000549316406
2021-08-20,144.79818725585938,159.99749755859375,293.2863464355469,20.769548416137695,416.5799865722656,226.75332641601562
2021-08-23,146.28341674804688,163.2935028076172,293.5657653808594,21.90900230407715,420.24444580078125,235.43333435058594
2021-08-24,146.19541931152344,165.28900146484375,291.60968017578125,21.744367599487305,420.9115905761719,236.163330078125
2021-08-25,144.96434020996094,164.95899963378906,291.02178955078125,22.163433074951172,421.79473876953125,237.06666564941406
2021-08-26,144.1630401611328,165.8000030517578,288.2080383300781,22.018754959106445,419.30487060546875,233.72000122070312
2021-08-27,145.19886779785156,167.48150634765625,288.8150634765625,22.585485458374023,423.0538330078125,237.30667114257812
2021-08-30,149.6153564453125,171.07850646972656,292.5442810058594,22.637367248535156,424.9142150878906,243.6366729736328
2021-08-31,148.35488891601562,173.5395050048828,290.8965759277344,22.3389892578125,424.2846984863281,245.24000549316406
2021-09-01,149.01930236816406,173.9499969482422,290.84832763671875,22.39487075805664,424.5102233886719,244.69667053222656
2021-09-02,150.13323974609375,173.156005859375,290.193115234375,22.34996223449707,425.81622314453125,244.1300048828125
2021-09-03,150.7683563232422,173.90249633789062,290.1835021972656,22.796045303344727,425.71295166015625,244.52333068847656
2021-09-07,153.10362243652344,175.46449279785156,289.2583923339844,22.61541748046875,424.1907043457031,250.97332763671875
2021-09-08,151.559814453125,176.27499389648438,289.2872619628906,22.29308319091797,423.6739807128906,251.2899932861328
2021-09-09,150.54360961914062,174.20799255371094,286.4350280761719,22.13141441345215,421.860595703125,251.6199951171875
2021-09-10,145.56033325195312,173.45750427246094,284.9510803222656,22.431793212890625,418.53436279296875,245.42333984375
2021-09-13,146.12709045410156,172.85850524902344,286.18450927734375,22.106464385986328,419.6054992675781,247.6666717529297
2021-09-14,144.7298126220703,172.5,288.882568359375,22.196279525756836,417.34112548828125,248.163330078125
2021-09-15,145.61895751953125,173.7895050048828,293.7296447753906,22.295080184936523,420.82696533203125,251.94332885742188
2021-09-16,145.3844451904297,174.41200256347656,294.1150207519531,22.196279525756836,420.1598815917969,252.3300018310547
2021-09-17,142.71693420410156,173.12600708007812,288.95965576171875,21.854982376098633,416.0671081542969,253.163330078125
2021-09-20,139.66835021972656,167.7864990234375,283.5923156738281,21.06960105895996,409.12957763671875,243.38999938964844
2021-09-21,140.14712524414062,167.18150329589844,284.07421875,21.20232582092285,408.7429504394531,246.4600067138672
2021-09-22,142.51173400878906,169.00250244140625,287.7166748046875,21.89589500427246,412.730224609375,250.64666748046875
2021-09-23,143.46934509277344,170.8000030517578,288.6610107421875,22.435787200927734,417.7449035644531,251.2133331298828
2021-09-24,143.55726623535156,171.2760009765625,288.4586181640625,22.035612106323242,418.4330749511719,258.1300048828125
2021-09-27,142.04270935058594,170.2899932861328,283.4670715332031,21.615478515625,417.2359619140625,263.78668212890625
2021-09-28,138.6619110107422,165.79800415039062,273.2045593261719,20.656450271606445,408.82781982421875,259.1866760253906
2021-09-29,139.5608367919922,165.05599975585938,273.6671447753906,20.47482681274414,409.5159912109375,260.4366760253906
2021-09-30,138.26132202148438,164.2519989013672,271.6628112792969,20.67341423034668,404.5107116699219,258.49334716796875
2021-10-01,139.38499450683594,164.16299438476562,278.58154296875,20.699365615844727,409.3179931640625,258.40667724609375
2021-10-04,135.95535278320312,159.48899841308594,272.8094177246094,19.691438674926758,404.0394287109375,260.510009765625
2021-10-05,137.88023376464844,161.0500030517578,278.2538757324219,20.40896224975586,408.2434387207031,260.1966552734375
2021-10-06,138.7498779296875,163.10049438476562,282.4456481933594,20.657451629638672,409.9401550292969,260.9166564941406
2021-10-07,140.0103302001953,165.1215057373047,284.122314453125,21.031679153442383,413.48431396484375,264.53668212890625
2021-10-08,139.62925720214844,164.43099975585938,284.122314453125,20.78818130493164,412.730224609375,261.8299865722656
2021-10-11,139.5413055419922,162.31500244140625,283.5248718261719,20.65245819091797,409.7422180175781,263.9800109863281
2021-10-12,138.27110290527344,162.3665008544922,282.22406005859375,20.628507614135742,408.7335205078125,268.5733337402344
2021-10-13,137.684814453125,164.21400451660156,285.5291748046875,20.895959854125977,410.2041015625,270.3599853515625
2021-10-14,140.46957397460938,164.9929962158203,291.7348937988281,21.701295852661133,417.1038513183594,272.7733459472656
2021-10-15,141.52488708496094,170.4510040283203,293.14178466796875,21.817060470581055,420.2805480957031,281.010009765625
2021-10-18,143.19570922851562,172.33700561523438,296.1097412109375,22.176315307617188,421.52471923828125,290.03668212890625
2021-10-19,145.35513305664062,172.20750427246094,297.0155944824219,22.244184494018555,424.7767639160156,288.0899963378906
2021-10-20,145.8436737060547,170.7530059814453,296.2253112792969,22.057567596435547,426.4451904296875,288.6000061035156
2021-10-21,146.0586700439453,171.75050354003906,299.4534606933594,22.645353317260742,427.5575256347656,298.0
2021-10-22,145.2867431640625,166.77749633789062,297.9117431640625,22.679283142089844,427.114501953125,303.2266540527344
2021-10-25,145.2379150390625,166.01849365234375,296.91912841796875,23.11838150024414,429.405029296875,341.6199951171875
2021-10-26,145.90234375,168.80349731445312,298.8271484375,24.66619300842285,429.7914123535156,339.4766540527344
2021-10-27,145.44309997558594,169.62449645996094,311.4120178222656,24.400739669799805,427.88739013671875,345.9533386230469
2021-10-28,149.0779266357422,172.32850646972656,312.5490417480469,24.88973045349121,432.0160217285156,359.0133361816406
2021-10-29,146.371337890625,168.6215057373047,319.5545654296875,25.514446258544922,432.89263916015625,371.3333435058594
2021-11-01,145.5505828857422,165.90550231933594,317.3863830566406,25.773908615112305,433.63726806640625,402.86334228515625
2021-11-02,146.58628845214844,165.6374969482422,321.0096130371094,26.346731185913086,435.3905334472656,390.6666564941406
2021-11-03,148.0226593017578,169.1999969482422,321.847900390625,26.543325424194336,438.0486755371094,404.6199951171875
2021-11-04,147.5048065185547,173.85000610351562,324.1990966796875,29.739742279052734,440.11297607421875,409.9700012207031
2021-11-05,148.033203125,175.94949340820312,323.8330078125,29.69084358215332,441.6400451660156,407.36334228515625
2021-11-08,147.21121215820312,174.44900512695312,324.7292175292969,30.74068260192871,442.0169982910156,387.64666748046875
2021-11-09,147.57330322265625,178.81149291992188,323.7270202636719,30.59398651123047,440.5559997558594,341.1666564941406
2021-11-10,144.7453155517578,174.1024932861328,318.76434326171875,29.39844512939453,437.0117492675781,355.98333740234375
2021-11-11,144.69639587402344,173.625,320.3350524902344,30.327533721923828,437.1532287597656,354.5033264160156
2021-11-12,146.77090454101562,176.25750732421875,324.4689636230469,30.327533721923828,440.4523010253906,344.47332763671875
2021-11-15,146.7806854248047,177.28399658203125,323.8426208496094,29.963281631469727,440.6031799316406,337.7966613769531
2021-11-16,147.75921630859375,177.03500366210938,327.1574401855469,30.14091682434082,442.34698486328125,351.57666015625
2021-11-17,150.19577026367188,177.4499969482422,327.37945556640625,29.200851440429688,441.27239990234375,363.0033264160156
2021-11-18,154.4817352294922,184.80299377441406,329.45501708984375,31.609886169433594,442.77117919921875,365.4599914550781
2021-11-19,157.10423278808594,183.82850646972656,331.2314147949219,32.91720199584961,441.9793395996094,379.0199890136719
2021-11-22,157.56414794921875,178.6284942626953,328.0649719238281,31.89031219482422,440.73516845703125,385.6233215332031
2021-11-23,157.94581604003906,179.0019989013672,325.9892883300781,31.680749893188477,441.319580078125,369.6766662597656
2021-11-24,158.46438598632812,179.02049255371094,326.21142578125,32.60683822631836,442.49786376953125,372.0
2021-11-26,153.4445037841797,175.22799682617188,318.2662353515625,31.438243865966797,432.6287536621094,360.6400146484375
2021-11-29,156.8008575439453,178.07850646972656,324.97576904296875,33.30739212036133,437.93560791015625,378.9966735839844
2021-11-30,161.75230407714844,175.35350036621094,319.1448059082031,32.60883712768555,429.4143981933594,381.586669921875
2021-12-01,161.23367309570312,172.18600463867188,318.6524353027344,31.374221801757812,424.64483642578125,365.0
2021-12-02,160.24533081054688,171.8679962158203,318.0829162597656,32.06388473510742,431.1487731933594,361.5333251953125
2021-12-03,158.36656188964844,169.489501953125,311.82720947265625,30.633657455444336,427.3972473144531,338.3233337402344
2021-12-06,161.77188110351562,171.36849975585938,314.8971252441406,29.978927612304688,432.45904541015625,336.336669921875
2021-12-07,167.50613403320312,176.1645050048828,323.3249206542969,32.36431121826172,441.4043884277344,350.5833435058594
2021-12-08,171.3223876953125,176.1580047607422,323.37310791015625,31.76447105407715,442.57318115234375,356.32000732421875
2021-12-09,170.8135223388672,174.17100524902344,321.56793212890625,30.43105125427246,439.58514404296875,334.6000061035156
2021-12-10,175.59860229492188,172.21200561523438,330.6810607910156,30.139616012573242,443.72314453125,339.010009765625
2021-12-13,171.9682159423828,169.5675048828125,327.64984130859375,28.106557846069336,439.7925109863281,322.13665771484375
2021-12-14,170.5885009765625,169.0915069580078,316.9726257324219,28.28221321105957,436.7666931152344,319.5033264160156
2021-12-15,175.45181274414062,173.31500244140625,323.064208984375,30.40011215209961,443.59124755859375,325.3299865722656
2021-12-16,168.56292724609375,168.87100219726562,313.6517639160156,28.33211898803711,439.679443359375,308.97332763671875
2021-12-17,167.46694946289062,170.0175018310547,312.58984375,27.747249603271484,435.0,310.8566589355469
2021-12-20,166.10679626464844,167.07899475097656,308.8345642089844,27.665409088134766,430.3744201660156,299.9800109863281
2021-12-21,169.27725219726562,170.41700744628906,315.9590759277344,29.01879119873047,438.0174865722656,312.84332275390625
2021-12-22,171.87039184570312,171.03700256347656,321.66448974609375,29.343154907226562,442.3970642089844,336.2900085449219
2021-12-23,172.49664306640625,171.06849670410156,323.1029052734375,29.582693099975586,445.14971923828125,355.6666564941406
2021-12-27,176.45973205566406,169.66949462890625,330.59423828125,30.885175704956055,451.4494934082031,364.64666748046875
2021-12-28,175.4420166015625,170.66099548339844,329.43585205078125,30.263376235961914,451.08056640625,362.8233337402344
2021-12-29,175.5301055908203,169.2010040283203,330.1115417480469,29.942996978759766,451.6576232910156,362.0633239746094
2021-12-30,174.37542724609375,168.64450073242188,327.5726318359375,29.528797149658203,450.4089660644531,356.7799987792969
2021-12-31,173.75894165039062,166.7169952392578,324.67645263671875,29.35413932800293,449.2738037109375,352.260009765625
2022-01-03,178.1036834716797,170.4044952392578,323.1607971191406,30.062763214111328,451.8752136230469,399.9266662597656
2022-01-04,175.84324645996094,167.52200317382812,317.6194152832031,29.23337173461914,451.7237854003906,383.1966552734375
2022-01-05,171.1658172607422,164.35699462890625,305.4267578125,27.55063247680664,443.04974365234375,362.7066650390625
2022-01-06,168.30848693847656,163.25399780273438,303.0133056640625,28.12352180480957,442.633544921875,354.8999938964844
2022-01-07,168.47486877441406,162.5540008544922,303.1677551269531,27.194324493408203,440.88360595703125,342.32000732421875
2022-01-10,168.49441528320312,161.48599243164062,303.3897705078125,27.347026824951172,440.3349914550781,352.7066650390625
2022-01-11,171.3223876953125,165.36199951171875,304.07525634765625,27.763219833374023,444.34564208984375,354.79998779296875
2022-01-12,171.76272583007812,165.20700073242188,307.25128173828125,27.944869995117188,445.54693603515625,368.739990234375
2022-01-13,168.49441528320312,161.21400451660156,294.2476501464844,26.523622512817383,439.407958984375,343.85333251953125
2022-01-14,169.3555450439453,162.13800048828125,299.4607238769531,26.889911651611328,439.5876770019531,349.8699951171875
2022-01-18,166.1557159423828,158.91749572753906,292.1720886230469,25.852920532226562,431.8027648925781,343.5033264160156
2022-01-19,162.66233825683594,156.2989959716797,292.8285827636719,25.018535614013672,427.31915283203125,331.8833312988281
2022-01-20,160.97926330566406,151.66749572753906,291.1584777832031,24.103307723999023,422.58953857421875,332.0899963378906
2022-01-21,158.9243621826172,142.64300537109375,285.78131103515625,23.328811645507812,414.2937316894531,314.6333312988281
2022-01-24,158.15130615234375,144.54400634765625,286.1094970703125,23.326812744140625,416.0531921386719,310.0
2022-01-25,156.35076904296875,139.98599243164062,278.5023193359375,22.280841827392578,410.97357177734375,306.1333312988281
2022-01-26,156.2626953125,138.87249755859375,286.4377746582031,22.72797203063965,409.9425354003906,312.4700012207031
2022-01-27,155.8027801513672,139.6374969482422,289.4593200683594,21.901575088500977,407.9182434082031,276.3666687011719
2022-01-28,166.67434692382812,143.97799682617188,297.5879211425781,22.79584503173828,418.0491027832031,282.1166687011719
2022-01-31,171.0288543701172,149.57350158691406,300.21368408203125,24.438661575317383,425.5785827636719,312.239990234375
2022-02-01,170.86248779296875,151.19349670410156,298.070556640625,24.59036636352539,428.4541320800781,310.4166564941406
2022-02-02,172.0660858154297,150.6125030517578,302.6078796386719,25.19319725036621,432.6162414550781,301.88665771484375
2022-02-03,169.1891632080078,138.8455047607422,290.820556640625,23.901700973510742,422.4476013183594,297.0466613769531
2022-02-04,168.90505981445312,157.63949584960938,295.3481140136719,24.271984100341797,424.4339599609375,307.7733459472656
2022-02-07,168.1898193359375,157.9355010986328,290.53094482421875,24.680191040039062,423.0719299316406,302.4466552734375
2022-02-08,171.29574584960938,161.4134979248047,294.0159912109375,25.059457778930664,426.5528869628906,307.3333435058594
2022-02-09,172.71640014648438,161.1894989013672,300.4358215332031,26.653369903564453,432.7959289550781,310.6666564941406
2022-02-10,168.6405029296875,159.0034942626953,291.9114990234375,25.774070739746094,425.0205383300781,301.51666259765625
2022-02-11,165.2308807373047,153.2935028076172,284.8255920410156,23.90269660949707,416.6396484375,286.6666564941406
2022-02-14,165.4660186767578,155.16700744628906,284.78692626953125,24.22007942199707,415.2774963378906,291.9200134277344
2022-02-15,169.2969512939453,156.510498046875,290.06756591796875,26.443777084350586,421.974609375,307.4766540527344
2022-02-16,169.06182861328125,158.10049438476562,289.72900390625,26.459745407104492,422.4476013183594,307.7966613769531
2022-02-17,165.4660186767578,154.65249633789062,281.2451171875,24.459617614746094,413.4236145019531,292.1166687011719
2022-02-18,163.91795349121094,152.60150146484375,278.5364990234375,23.596288681030273,410.7465515136719,285.6600036621094
2022-02-22,160.99818420410156,150.19749450683594,278.3332824707031,23.34477996826172,406.3385925292969,273.84332275390625
2022-02-23,156.8341064453125,144.82699584960938,271.1263732910156,22.343713760375977,399.1307067871094,254.67999267578125
2022-02-24,159.45016479492188,151.35800170898438,284.9791564941406,23.702085494995117,405.1372985839844,266.92333984375
2022-02-25,161.51747131347656,153.7884979248047,287.6103515625,24.110292434692383,414.07623291015625,269.9566650390625
2022-02-28,161.78201293945312,153.56300354003906,289.0422058105469,24.33785629272461,413.0167236328125,290.1433410644531
2022-03-01,159.9008331298828,151.14199829101562,285.32745361328125,23.431610107421875,406.7264404296875,288.1233215332031
2022-03-02,163.19290161132812,152.05250549316406,290.396484375,24.177289962768555,414.20867919921875,293.2966613769531
2022-03-03,162.86959838867188,147.89849853515625,286.2658386230469,23.67218589782715,412.1465759277344,279.7633361816406
2022-03-04,159.87142944335938,145.64100646972656,280.403564453125,22.89555549621582,408.7980041503906,279.42999267578125
2022-03-07,156.07968139648438,137.4530029296875,269.81072998046875,21.314350128173828,396.7469482421875,268.1933288574219
2022-03-08,154.2572784423828,136.01449584960938,266.8505554199219,21.476064682006836,393.73895263671875,274.79998779296875
2022-03-09,159.65585327148438,139.2790069580078,279.087890625,22.973419189453125,404.29534912109375,286.3233337402344
2022-03-10,155.31544494628906,146.8175048828125,276.2727966308594,22.6180477142334,402.4697570800781,279.4333190917969
2022-03-11,151.60203552246094,145.52450561523438,270.9329528808594,22.061031341552734,397.3523254394531,265.1166687011719
2022-03-14,147.5751495361328,141.85299682617188,267.42132568359375,21.292388916015625,394.4484558105469,255.4566650390625
2022-03-15,151.95474243164062,147.3665008544922,277.7818603515625,22.9324893951416,403.1224670410156,267.2966613769531
2022-03-16,156.36378479003906,153.10400390625,284.7856750488281,24.452804565429688,412.06134033203125,280.07666015625
2022-03-17,157.3730010986328,157.23899841308594,285.588623046875,24.72233009338379,417.2167053222656,290.5333251953125
2022-03-18,160.6650390625,161.25050354003906,290.628662109375,26.40635108947754,421.7862854003906,301.7966613769531
2022-03-21,162.03675842285156,161.4915008544922,289.4000549316406,26.686857223510742,421.66302490234375,307.0533447265625
2022-03-22,165.4072265625,164.88900756835938,294.1402587890625,26.477230072021484,426.5970764160156,331.32666015625
2022-03-23,166.76910400390625,163.4080047607422,289.71929931640625,25.588796615600586,421.1032409667969,333.03668212890625
2022-03-24,170.5510711669922,163.64950561523438,294.1789855957031,28.100364685058594,427.45111083984375,337.97332763671875
2022-03-25,171.1879425048828,164.77349853515625,293.7726135253906,27.643171310424805,429.5385437011719,336.8800048828125
2022-03-28,172.05014038085938,168.99049377441406,300.56365966796875,28.169240951538086,432.59381103515625,363.9466552734375
2022-03-29,175.3422393798828,169.31500244140625,305.1199951171875,28.60546875,437.94537353515625,366.5233459472656
2022-03-30,174.1763153076172,166.30099487304688,303.6204833984375,27.64117431640625,435.2411804199219,364.663330078125
2022-03-31,171.08013916015625,162.99749755859375,298.2515869140625,27.23788833618164,428.5422058105469,359.20001220703125
2022-04-01,170.78627014160156,163.55999755859375,299.32537841796875,26.664897918701172,429.7568054199219,361.5299987792969
2022-04-04,174.832763671875,168.34649658203125,304.69427490234375,27.31175994873047,433.43829345703125,381.8166809082031
2022-04-05,171.52110290527344,164.05499267578125,300.7377014160156,25.88527488708496,427.9634094238281,363.7533264160156
2022-04-06,168.35638427734375,158.75599670410156,289.72900390625,24.363964080810547,423.68402099609375,348.586669921875
2022-04-07,168.6600799560547,157.7845001220703,291.5379638671875,24.165315628051758,425.8189697265625,352.4200134277344
2022-04-08,166.65150451660156,154.4604949951172,287.28155517578125,23.078235626220703,424.680419921875,341.8299865722656
2022-04-11,162.3992919921875,151.1219940185547,275.9535827636719,21.878355026245117,417.4216613769531,325.30999755859375
2022-04-12,164.27069091796875,150.78750610351562,272.85797119140625,21.466081619262695,415.8749694824219,328.98333740234375
2022-04-13,166.95530700683594,155.54100036621094,278.236572265625,22.163846969604492,420.6382751464844,340.7900085449219
2022-04-14,161.9485626220703,151.7064971923828,270.70068359375,21.220516204833984,415.4005126953125,328.3333435058594
2022-04-18,161.73306274414062,152.78500366210938,271.3681640625,21.74458885192871,415.5713195800781,334.7633361816406
2022-04-19,164.0159454345703,158.11549377441406,275.9923095703125,22.158855438232422,422.27978515625,342.7166748046875
2022-04-20,163.84938049316406,153.9980010986328,277.01763916015625,21.444116592407227,421.96661376953125,325.73333740234375
2022-04-21,163.0557403564453,148.29600524902344,271.64874267578125,20.147409439086914,415.6567077636719,336.260009765625
2022-04-22,158.51934814453125,144.35000610351562,265.0899963378906,19.480588912963867,404.25146484375,335.01666259765625
2022-04-25,159.58731079101562,146.07400512695312,271.5616760253906,19.866907119750977,406.59515380859375,332.67333984375
2022-04-26,153.6302032470703,139.39100646972656,261.40423583984375,18.754873275756836,394.8198547363281,292.1400146484375
2022-04-27,153.40487670898438,138.16700744628906,273.9801330566406,18.382532119750977,395.9299621582031,293.836669921875
2022-04-28,160.33192443847656,144.59649658203125,280.1809997558594,19.747114181518555,405.9309387207031,292.5033264160156
2022-04-29,154.46302795410156,124.28150177001953,268.4660339355469,18.51429557800293,390.92950439453125,290.2533264160156
2022-05-02,154.7667694091797,124.5,275.1893615722656,19.498558044433594,393.2826843261719,300.9800109863281
2022-05-03,156.2560272216797,124.25350189208984,272.5870666503906,19.567434310913086,395.08544921875,303.0833435058594
2022-05-04,162.66383361816406,125.92849731445312,280.5195617675781,20.298141479492188,407.116943359375,317.5400085449219
2022-05-05,153.6007843017578,116.40699768066406,268.3016662597656,18.810771942138672,392.64691162109375,291.09332275390625
2022-05-06,154.32691955566406,114.77249908447266,265.76708984375,18.642066955566406,390.30322265625,288.54998779296875
2022-05-09,149.20494079589844,108.78900146484375,255.94818115234375,16.92011070251465,377.80682373046875,262.3699951171875
2022-05-10,151.6089324951172,108.85900115966797,260.7077331542969,17.56397247314453,378.6796875,266.67999267578125
2022-05-11,143.7493133544922,105.37200164794922,252.0496826171875,16.600675582885742,372.6640319824219,244.6666717529297
2022-05-12,139.88330078125,106.93049621582031,247.0193634033203,16.14647674560547,372.2749938964844,242.6666717529297
2022-05-13,144.347900390625,113.05500030517578,252.60118103027344,17.674776077270508,381.1752624511719,256.5299987792969
2022-05-16,142.80734252929688,110.81050109863281,252.96871948242188,17.233556747436523,379.62860107421875,241.4566650390625
2022-05-17,146.43789672851562,115.36849975585938,258.1152038574219,18.144948959350586,387.43768310546875,253.8699951171875
2022-05-18,138.1759796142578,107.11250305175781,246.36325073242188,16.908130645751953,371.8194885253906,236.60333251953125
2022-05-19,134.77113342285156,107.31900024414062,245.4518585205078,17.093801498413086,369.54217529296875,236.47332763671875
2022-05-20,135.00660705566406,107.59100341796875,244.88943481445312,16.66456413269043,369.7034606933594,221.3000030517578
2022-05-23,140.42295837402344,107.55699920654297,252.73374938964844,16.868206024169922,376.62078857421875,224.96665954589844
2022-05-24,137.72463989257812,104.0999984741211,251.7350311279297,16.125511169433594,373.7456970214844,209.3866729736328
2022-05-25,137.88162231445312,106.7750015258789,254.5469207763672,16.945066452026367,377.0476989746094,219.60000610351562
2022-05-26,141.0803985595703,111.07749938964844,257.8243103027344,17.81952476501465,384.58160400390625,235.91000366210938
2022-05-27,146.83038330078125,115.14649963378906,264.9413757324219,18.777833938598633,394.0227966308594,253.2100067138672
2022-05-31,146.04539489746094,120.20950317382812,263.61297607421875,18.63907814025879,391.8119201660156,252.75332641601562
2022-06-01,145.9178466796875,121.68399810791016,264.1462707519531,18.28769302368164,388.6427917480469,246.7899932861328
2022-06-02,148.3708953857422,125.51100158691406,266.24066162109375,19.557449340820312,396.04388427734375,258.3333435058594
2022-06-03,142.65036010742188,122.3499984741211,261.81915283203125,18.686992645263672,389.5441589355469,234.51666259765625
2022-06-06,143.39610290527344,124.79000091552734,260.5877380371094,18.75287437438965,390.730224609375,238.27999877929688
2022-06-07,145.9178466796875,123.0,264.2238464355469,18.892629623413086,394.478271484375,238.8866729736328
2022-06-08,145.18194580078125,121.18000030517578,262.19732666015625,18.61905288696289,390.18939208984375,241.86666870117188
2022-06-09,139.9617919921875,116.1500015258789,256.7480163574219,18.019987106323242,380.9095764160156,239.7066650390625
2022-06-10,134.5552520751953,109.6500015258789,245.30638122558594,16.947650909423828,369.8648376464844,232.22999572753906
2022-06-13,129.40383911132812,103.66999816894531,234.9022216796875,15.622709274291992,355.8216857910156,215.73666381835938
2022-06-14,130.2672882080078,102.30999755859375,237.0645294189453,15.811419486999512,354.7495422363281,220.88999938964844
2022-06-15,132.88714599609375,107.66999816894531,244.1137237548828,16.501344680786133,359.8070373535156,233.0
2022-06-16,127.61799621582031,103.66000366210938,237.52996826171875,15.576784133911133,347.8988342285156,213.10000610351562
2022-06-17,129.08987426757812,106.22000122070312,240.12855529785156,15.855350494384766,348.64874267578125,216.75999450683594
2022-06-21,133.31890869140625,108.68000030517578,246.03359985351562,16.540285110473633,357.4255676269531,237.0366668701172
2022-06-22,132.8086700439453,108.94999694824219,245.44210815429688,16.334604263305664,356.7774963378906,236.086669921875
2022-06-23,135.673828125,112.44000244140625,250.99807739257812,16.199817657470703,360.2748718261719,235.07000732421875
2022-06-24,139.00021362304688,116.45999908447266,259.56964111328125,17.09941291809082,371.7293395996094,245.7066650390625
2022-06-27,139.00021362304688,113.22000122070312,256.8450012207031,16.842815399169922,370.3094787597656,244.9199981689453
2022-06-28,134.85946655273438,107.4000015258789,248.69041442871094,15.957192420959473,362.74298095703125,232.663330078125
2022-06-29,136.61585998535156,108.91999816894531,252.35562133789062,15.517874717712402,362.4476318359375,228.49000549316406
2022-06-30,134.1529541015625,106.20999908447266,249.02975463867188,15.135468482971191,359.5029296875,224.47332763671875
2022-07-01,136.32144165039062,109.55999755859375,251.69618225097656,14.500455856323242,363.3052673339844,227.26333618164062
2022-07-05,138.90208435058594,113.5,254.866943359375,14.940771102905273,363.9913635253906,233.06666564941406
2022-07-06,140.236572265625,114.33000183105469,258.12481689453125,15.106513977050781,365.2206726074219,231.73333740234375
2022-07-07,143.60220336914062,116.33000183105469,260.2483825683594,15.833383560180664,370.6906433105469,244.5433349609375
2022-07-08,144.27919006347656,115.54000091552734,259.53082275390625,15.813414573669434,370.3857727050781,250.76333618164062
2022-07-11,142.14991760253906,111.75,256.47650146484375,15.128479957580566,366.15460205078125,234.3433380126953
2022-07-12,143.121337890625,109.22000122070312,245.9656982421875,15.058587074279785,362.9145812988281,233.07000732421875
2022-07-13,142.75827026367188,110.4000015258789,245.04457092285156,15.140460014343262,361.0086669921875,237.0399932861328
2022-07-14,145.68234252929688,110.62999725341797,246.36325073242188,15.348137855529785,360.1319274902344,238.31333923339844
2022-07-15,147.35043334960938,113.55000305175781,248.92308044433594,15.737534523010254,367.01226806640625,240.06666564941406
2022-07-18,144.30862426757812,113.76000213623047,246.5281219482422,16.076004028320312,363.9818115234375,240.54666137695312
2022-07-19,148.16482543945312,118.20999908447266,251.6477813720703,16.96562385559082,373.8163146972656,245.52999877929688
2022-07-20,150.1665496826172,122.7699966430664,254.30450439453125,17.77936363220215,376.19879150390625,247.5
2022-07-21,152.4331817626953,124.62999725341797,256.79644775390625,18.021984100341797,380.0296936035156,271.7066650390625
2022-07-22,151.19679260253906,122.41999816894531,252.45248413085938,17.2921142578125,376.5036926269531,272.24334716796875
2022-07-25,150.07818603515625,121.13999938964844,250.968994140625,16.997575759887695,376.9610900878906,268.4333190917969
2022-07-26,148.7535858154297,114.80999755859375,244.24945068359375,16.507335662841797,372.5013122558594,258.8599853515625
2022-07-27,153.84613037109375,120.97000122070312,260.57794189453125,17.76238441467285,382.1737976074219,274.82000732421875
2022-07-28,154.39564514160156,122.27999877929688,268.01507568359375,17.956083297729492,386.9671630859375,280.8999938964844
2022-07-29,159.45870971679688,134.9499969482422,272.213623046875,18.13480567932129,392.6086730957031,297.1499938964844
2022-08-01,158.47747802734375,135.38999938964844,269.5665283203125,18.412376403808594,391.4460754394531,297.27667236328125
2022-08-02,157.0056610107422,134.16000366210938,266.473388671875,18.49724578857422,388.86358642578125,300.586669921875
2022-08-03,163.01075744628906,139.52000427246094,273.8910217285156,18.863672256469727,394.95294189453125,307.39666748046875
2022-08-04,162.69677734375,142.57000732421875,275.03521728515625,19.18517303466797,394.68603515625,308.6333312988281
2022-08-05,162.4707794189453,140.8000030517578,274.317626953125,18.95952606201172,394.01904296875,288.1700134277344
2022-08-08,161.99913024902344,139.41000366210938,271.806396484375,17.765378952026367,393.56158447265625,290.42333984375
2022-08-09,162.04824829101562,137.8300018310547,273.7261962890625,17.059476852416992,391.9987487792969,283.3333435058594
2022-08-10,166.2930450439453,142.69000244140625,280.37786865234375,18.068904876708984,400.2323303222656,294.3566589355469
2022-08-11,165.5561065673828,140.63999938964844,278.3028259277344,17.914148330688477,400.2323303222656,286.6300048828125
2022-08-12,169.10321044921875,143.5500030517578,283.0443115234375,18.679954528808594,407.0077819824219,300.0299987792969
2022-08-15,170.17425537109375,143.17999267578125,284.5570068359375,19.002458572387695,408.68505859375,309.32000732421875
2022-08-16,170.0170135498047,144.77999877929688,283.8199768066406,18.849695205688477,409.48553466796875,306.5633239746094
2022-08-17,171.51060485839844,142.10000610351562,283.0718688964844,18.306535720825195,406.5789489746094,303.9966735839844
2022-08-18,171.1175537109375,142.3000030517578,281.95440673828125,18.743858337402344,407.76068115234375,302.8699951171875
2022-08-19,168.53334045410156,138.22999572753906,278.0482177734375,17.821298599243164,402.28118896484375,296.6666564941406
2022-08-22,164.65211486816406,133.22000122070312,269.8859558105469,17.007556915283203,393.90472412109375,289.913330078125
2022-08-23,164.31802368164062,133.6199951171875,268.6131591796875,17.154329299926758,392.95166015625,296.4533386230469
2022-08-24,164.61279296875,133.8000030517578,267.9815368652344,17.195268630981445,394.2096862792969,297.0966796875
2022-08-25,167.0692596435547,137.27999877929688,270.9548645019531,17.88519287109375,399.77490234375,296.07000732421875
2022-08-26,160.77090454101562,130.75,260.49957275390625,16.23476219177246,386.242919921875,288.0899963378906
2022-08-29,158.56993103027344,129.7899932861328,257.72052001953125,15.776470184326172,383.68902587890625,284.82000732421875
2022-08-30,156.1428985595703,128.72999572753906,255.52450561523438,15.443988800048828,379.4769592285156,277.70001220703125
2022-08-31,154.48231506347656,126.7699966430664,254.0669708251953,15.07056999206543,376.5894775390625,275.6099853515625
2022-09-01,155.20944213867188,127.81999969482422,253.0272674560547,13.915366172790527,377.77117919921875,277.1600036621094
2022-09-02,153.09689331054688,127.51000213623047,248.8101348876953,13.625818252563477,373.7877502441406,270.2099914550781
2022-09-06,151.8391876220703,126.11000061035156,246.07968139648438,13.444097518920898,372.3774108886719,274.4200134277344
2022-09-07,153.2443084716797,129.47999572753906,250.7826690673828,13.696781158447266,379.06719970703125,283.70001220703125
2022-09-08,151.77041625976562,129.82000732421875,251.2005157470703,13.972434043884277,381.5447998046875,289.260009765625
2022-09-09,154.62973022460938,133.27000427246094,256.9723205566406,14.368936538696289,387.4721984863281,299.67999267578125
2022-09-12,160.58419799804688,136.4499969482422,259.1003112792969,14.486788749694824,391.63665771484375,304.4200134277344
2022-09-13,151.16114807128906,126.81999969482422,244.85537719726562,13.114511489868164,374.6073303222656,292.1300048828125
2022-09-14,152.60560607910156,128.5500030517578,245.07888793945312,13.111517906188965,376.03680419921875,302.6099853515625
2022-09-15,149.71676635742188,126.27999877929688,238.4325408935547,12.912766456604004,371.76751708984375,303.75
2022-09-16,148.0758514404297,123.52999877929688,237.81065368652344,13.181428909301758,368.9313659667969,303.3500061035156
2022-09-19,151.79005432128906,124.66000366210938,237.5968475341797,13.36519718170166,371.7923278808594,309.07000732421875
2022-09-20,154.1678924560547,122.19000244140625,235.58546447753906,13.159457206726074,367.5247497558594,308.7300109863281
2022-09-21,151.04327392578125,118.54000091552734,232.18455505371094,13.244349479675293,361.1136474609375,300.79998779296875
2022-09-22,150.08035278320312,117.30999755859375,234.15711975097656,12.5452299118042,358.0803527832031,288.5899963378906
2022-09-23,147.810546875,113.77999877929688,231.1837615966797,12.500285148620605,352.0808410644531,275.3299865722656
2022-09-26,148.14466857910156,115.1500015258789,230.72705078125,12.212646484375,348.59783935546875,276.010009765625
2022-09-27,149.11740112304688,114.41000366210938,229.7164764404297,12.39741325378418,347.70794677734375,282.94000244140625
2022-09-28,147.23085021972656,118.01000213623047,234.2445526123047,12.72000789642334,354.549560546875,287.80999755859375
2022-09-29,139.9990234375,114.80000305175781,230.775634765625,12.204654693603516,347.1433410644531,268.2099914550781
2022-09-30,135.7935333251953,113.0,226.3058624267578,12.123759269714355,341.7752990722656,265.25
2022-10-03,139.96951293945312,115.87999725341797,233.9239044189453,12.496289253234863,350.79864501953125,242.39999389648438
2022-10-04,143.55599975585938,121.08999633789062,241.83340454101562,13.150469779968262,361.6686706542969,249.44000244140625
2022-10-05,143.85072326660156,120.94999694824219,242.1443634033203,13.192415237426758,360.82666015625,240.80999755859375
2022-10-06,142.89764404296875,120.30000305175781,239.80259704589844,13.113512992858887,357.1044006347656,238.1300048828125
2022-10-07,137.65061950683594,114.55999755859375,227.6079559326172,12.06083869934082,347.1433410644531,223.07000732421875
2022-10-10,137.97486877441406,113.66999816894531,222.7592315673828,11.655348777770996,344.4927978515625,222.9600067138672
2022-10-11,136.5599365234375,112.20999908447266,219.02792358398438,11.571453094482422,342.3111877441406,216.5
2022-10-12,135.93109130859375,112.9000015258789,219.35830688476562,11.48555850982666,341.1820373535156,217.24000549316406
2022-10-13,140.5001220703125,112.52999877929688,227.6079559326172,11.944982528686523,350.1861572265625,221.72000122070312
2022-10-14,135.97039794921875,106.9000015258789,222.08876037597656,11.212904930114746,342.2059326171875,204.99000549316406
2022-10-17,139.93023681640625,113.79000091552734,230.80479431152344,11.873072624206543,350.9995422363281,219.35000610351562
2022-10-18,141.2468719482422,116.36000061035156,231.74729919433594,11.951972961425781,355.1236877441406,220.19000244140625
2022-10-19,141.35496520996094,115.06999969482422,229.78451538085938,12.035868644714355,352.60711669921875,222.0399932861328
2022-10-20,140.89312744140625,115.25,229.46385192871094,12.178690910339355,349.650390625,207.27999877929688
2022-10-21,144.7056121826172,119.31999969482422,235.26480102539062,12.450345993041992,358.14739990234375,214.44000244140625
2022-10-24,146.8476104736328,119.81999969482422,240.24957275390625,12.58318042755127,362.5298767089844,211.25
2022-10-25,149.6873016357422,120.5999984741211,243.56304931640625,13.244349479675293,368.3189392089844,222.4199981689453
2022-10-26,146.74937438964844,115.66000366210938,224.77061462402344,12.87980842590332,365.5439453125,224.63999938964844
2022-10-27,142.2786407470703,110.95999908447266,220.32998657226562,13.159457206726074,363.59197998046875,225.08999633789062
2022-10-28,153.02810668945312,103.41000366210938,229.19178771972656,13.816627502441406,372.2420959472656,228.52000427246094
2022-10-31,150.66989135742188,102.44000244140625,225.5576934814453,13.480053901672363,369.55328369140625,227.5399932861328
2022-11-01,148.0267333984375,96.79000091552734,221.70977783203125,13.525994300842285,367.9361877441406,227.82000732421875
2022-11-02,142.50462341308594,92.12000274658203,213.86827087402344,13.202402114868164,358.70233154296875,214.97999572753906
2022-11-03,136.46170043945312,89.30000305175781,208.1839141845703,13.40414810180664,355.0088806152344,215.30999755859375
2022-11-04,136.19593811035156,90.9800033569336,215.12173461914062,14.138224601745605,360.1185607910156,207.47000122070312
2022-11-07,136.7274169921875,90.52999877929688,221.4182586669922,14.283042907714844,363.56329345703125,197.0800018310547
2022-11-08,137.2982635498047,89.9800033569336,222.38995361328125,14.58366584777832,365.52484130859375,191.3000030517578
2022-11-09,132.7413330078125,86.13999938964844,218.15342712402344,13.758702278137207,357.9942932128906,177.58999633789062
2022-11-10,144.55198669433594,96.62999725341797,236.1004638671875,15.730223655700684,377.66754150390625,190.72000122070312
2022-11-11,147.3372802734375,100.79000091552734,240.113525390625,16.306501388549805,381.3228454589844,195.97000122070312
2022-11-14,145.93968200683594,98.48999786376953,234.71096801757812,16.2745418548584,378.0790710449219,190.9499969482422
2022-11-15,147.67190551757812,98.94000244140625,235.11907958984375,16.645078659057617,381.3036804199219,194.4199981689453
2022-11-16,146.44161987304688,97.12000274658203,235.54779052734375,15.890024185180664,378.394775390625,186.9199981689453
2022-11-17,148.34120178222656,94.8499984741211,235.49913024902344,15.657317161560059,377.2369384765625,183.1699981689453
2022-11-18,148.90219116210938,94.13999938964844,235.0508575439453,15.389653205871582,378.94976806640625,180.19000244140625
2022-11-21,145.67396545410156,92.45999908447266,235.8596649169922,15.297768592834473,377.57183837890625,167.8699951171875
2022-11-22,147.8096923828125,93.19999694824219,238.76341247558594,16.017864227294922,382.6529235839844,169.91000366210938
2022-11-23,148.68569946289062,94.12999725341797,241.24818420410156,16.498258590698242,385.0642395019531,183.1999969482422
2022-11-25,145.77236938476562,93.41000366210938,241.1605224609375,16.24957275390625,384.9779968261719,182.86000061035156
2022-11-28,141.94378662109375,93.94999694824219,235.5770263671875,15.807127952575684,378.8349609375,182.9199981689453
2022-11-29,138.94190979003906,92.41999816894531,234.18360900878906,15.619363784790039,378.1842956542969,180.8300018310547
2022-11-30,145.69363403320312,96.54000091552734,248.61483764648438,16.90607452392578,390.0973205566406,194.6999969482422
2022-12-01,145.96922302246094,95.5,248.1763458251953,17.11786460876465,389.81024169921875,194.6999969482422
2022-12-02,145.4771270751953,94.12999725341797,248.49794006347656,16.859121322631836,389.3605651855469,194.86000061035156
2022-12-05,144.31576538085938,91.01000213623047,243.8011932373047,16.5933895111084,382.35626220703125,182.4499969482422
2022-12-06,140.65444946289062,88.25,238.8511199951172,15.9710111618042,376.8446350097656,179.82000732421875
2022-12-07,138.71556091308594,88.45999908447266,238.1202850341797,16.103879928588867,376.20355224609375,174.0399932861328
2022-12-08,140.39852905273438,90.3499984741211,241.07278442382812,17.151832580566406,379.15069580078125,173.44000244140625
2022-12-09,139.9163055419922,89.08999633789062,239.1434326171875,16.983997344970703,376.3183288574219,179.0500030517578
2022-12-12,142.20953369140625,90.55000305175781,246.05210876464844,17.517465591430664,381.7438659667969,167.82000732421875
2022-12-13,143.17405700683594,92.48999786376953,250.3493194580078,18.053926467895508,384.6335754394531,160.9499969482422
2022-12-14,140.94972229003906,91.58000183105469,250.6416778564453,17.656330108642578,382.1744384765625,156.8000030517578
2022-12-15,134.3456573486328,88.44999694824219,242.64163208007812,16.935047149658203,372.8258056640625,157.6699981689453
2022-12-16,132.38702392578125,87.86000061035156,238.43214416503906,16.554428100585938,368.4241638183594,150.22999572753906
2022-12-19,130.28079223632812,84.91999816894531,234.30055236816406,16.23774528503418,365.300048828125,149.8699951171875
2022-12-20,130.2119140625,85.19000244140625,235.6160125732422,16.06891632080078,365.7999267578125,137.8000030517578
2022-12-21,133.31219482421875,86.7699966430664,238.17874145507812,16.484495162963867,371.2695007324219,137.57000732421875
2022-12-22,130.1430206298828,83.79000091552734,232.0983428955078,15.32365894317627,365.9729919433594,125.3499984741211
2022-12-23,129.77886962890625,85.25,232.6245574951172,15.19079303741455,368.0780944824219,123.1500015258789
2022-12-27,127.97775268554688,83.04000091552734,230.89981079101562,14.106877326965332,366.6266174316406,109.0999984741211
2022-12-28,124.05070495605469,81.81999969482422,228.53195190429688,14.021964073181152,362.0701599121094,112.70999908447266
2022-12-29,127.56437683105469,84.18000030517578,234.84622192382812,14.588395118713379,368.5876159667969,121.81999969482422
2022-12-30,127.87931823730469,84.0,233.68667602539062,14.599385261535645,367.6167297363281,123.18000030517578
2023-01-03,123.09603118896484,85.81999969482422,233.4528045654297,14.300684928894043,366.0690612792969,108.0999984741211
2023-01-04,124.36567687988281,85.13999938964844,223.24081420898438,14.734249114990234,368.89520263671875,113.63999938964844
2023-01-05,123.04679870605469,83.12000274658203,216.62448120117188,14.25073528289795,364.68487548828125,110.33999633789062
2023-01-06,127.5741958618164,86.08000183105469,219.177490234375,14.844141960144043,373.0478210449219,113.05999755859375
2023-01-09,128.0958251953125,87.36000061035156,221.31146240234375,15.612370491027832,372.83636474609375,119.7699966430664
2023-01-10,128.6667022705078,89.87000274658203,222.9971923828125,15.89309024810791,375.45098876953125,118.8499984741211
2023-01-11,131.3831329345703,95.08999633789062,229.74024963378906,15.984996795654297,380.19964599609375,123.22000122070312
2023-01-12,131.30441284179688,95.2699966430664,232.41015625,16.494487762451172,381.5838623046875,123.55999755859375
2023-01-13,132.63307189941406,98.12000274658203,233.1117401123047,16.882102966308594,383.0642395019531,122.4000015258789
2023-01-17,133.7944793701172,96.05000305175781,234.203125,17.684295654296875,382.3625183105469,131.49000549316406
2023-01-18,133.07598876953125,95.45999908447266,229.7792205810547,17.359622955322266,376.3258361816406,128.77999877929688
2023-01-19,133.13504028320312,93.68000030517578,225.99844360351562,16.748231887817383,373.5862121582031,127.16999816894531
2023-01-20,135.6940155029297,97.25,234.07644653320312,17.821165084838867,380.5457458496094,133.4199981689453
2023-01-23,138.8828887939453,97.5199966430664,236.37608337402344,19.173803329467773,385.1117858886719,143.75
2023-01-24,140.28045654296875,96.31999969482422,235.84986877441406,19.2457332611084,384.6983642578125,143.88999938964844
2023-01-25,139.6210479736328,97.18000030517578,234.45645141601562,19.303674697875977,384.8426208496094,144.42999267578125
2023-01-26,141.68789672851562,99.22000122070312,241.65748596191406,19.782196044921875,389.0721435546875,160.27000427246094
2023-01-27,143.62677001953125,102.23999786376953,241.81336975097656,20.34463119506836,389.96612548828125,177.89999389648438
2023-01-30,140.74302673339844,100.55000305175781,236.5027618408203,19.142837524414062,385.07330322265625,166.66000366210938
2023-01-31,142.01268005371094,103.12999725341797,241.47232055664062,19.51746368408203,390.7351379394531,173.22000122070312
2023-02-01,143.13465881347656,105.1500015258789,246.28598022460938,20.922056198120117,394.8878173828125,181.41000366210938
2023-02-02,148.43959045410156,112.91000366210938,257.8328857421875,21.68729019165039,400.6361389160156,188.27000427246094
2023-02-03,152.06149291992188,103.38999938964844,251.74276733398438,21.078901290893555,396.3777770996094,189.97999572753906
2023-02-06,149.3352508544922,102.18000030517578,250.2031707763672,21.067909240722656,393.9553527832031,194.75999450683594
2023-02-07,152.20912170410156,102.11000061035156,260.7172546386719,22.15082550048828,399.1077575683594,196.80999755859375
2023-02-08,149.52227783203125,100.05000305175781,259.908447265625,22.18279266357422,394.7436218261719,201.2899932861328
2023-02-09,148.48883056640625,98.23999786376953,256.8779296875,22.314661026000977,391.32147216796875,207.32000732421875
2023-02-10,148.85353088378906,97.61000061035156,256.37127685546875,21.243736267089844,392.2347106933594,196.88999938964844
2023-02-13,151.6529998779297,99.54000091552734,264.3811340332031,21.766210556030273,396.8391418457031,194.63999938964844
2023-02-14,151.01226806640625,99.69999694824219,265.20928955078125,22.94802474975586,396.65655517578125,209.25
2023-02-15,153.11187744140625,101.16000366210938,263.08953857421875,22.741233825683594,397.9446716308594,214.24000549316406
2023-02-16,151.51498413085938,98.1500015258789,256.08538818359375,21.979995727539062,392.4654235839844,202.0399932861328
2023-02-17,150.37155151367188,97.19999694824219,252.08998107910156,21.366609573364258,391.4849548339844,208.30999755859375
2023-02-21,146.35968017578125,94.58000183105469,246.82469177246094,20.63434410095215,383.63134765625,197.3699951171875
2023-02-22,146.7835235595703,95.79000091552734,245.6915283203125,20.733247756958008,383.102783203125,200.86000061035156
2023-02-23,147.2665252685547,95.81999969482422,248.87612915039062,23.640335083007812,385.1405029296875,202.07000732421875
2023-02-24,144.61495971679688,93.5,243.45452880859375,23.262710571289062,381.0263977050781,196.8800048828125
2023-02-27,145.8076629638672,93.76000213623047,244.37277221679688,23.477495193481445,382.3240966796875,207.6300048828125
2023-02-28,145.30494689941406,94.2300033569336,243.64988708496094,23.192781448364258,380.9110107421875,205.7100067138672
2023-03-01,143.23492431640625,92.16999816894531,240.57276916503906,22.67530059814453,379.4499206542969,202.77000427246094
2023-03-02,143.8263702392578,92.12999725341797,245.30078125,23.29068374633789,382.4010009765625,190.89999389648438
2023-03-03,148.87326049804688,94.9000015258789,249.38406372070312,23.86610984802246,388.5338439941406,197.7899932861328
2023-03-06,151.63327026367188,93.75,250.92755126953125,23.530447006225586,388.802978515625,193.80999755859375
2023-03-07,149.43511962890625,93.55000305175781,248.2704620361328,23.26866340637207,382.8431396484375,187.7100067138672
2023-03-08,150.68698120117188,93.91999816894531,247.8308868408203,24.16092300415039,383.468017578125,182.0
2023-03-09,148.43951416015625,92.25,246.48280334472656,23.416536331176758,376.39306640625,172.9199981689453
2023-03-10,146.37936401367188,90.7300033569336,242.83908081054688,22.9459285736084,370.9619445800781,173.44000244140625
2023-03-13,148.3212432861328,92.43000030517578,248.04579162597656,22.94692611694336,370.43316650390625,174.47999572753906
2023-03-14,150.41094970703125,94.87999725341797,254.75689697265625,24.043018341064453,376.5565185546875,183.25999450683594
2023-03-15,150.80526733398438,96.19999694824219,259.2992248535156,24.207883834838867,374.201416015625,180.4499969482422
2023-03-16,153.6244354248047,100.04000091552734,269.8103942871094,25.51978874206543,380.7667541503906,184.1300048828125
2023-03-17,152.7865753173828,98.94999694824219,272.965576171875,25.703641891479492,376.31463623046875,180.1300048828125
2023-03-20,155.15228271484375,97.70999908447266,265.93218994140625,25.87849235534668,379.93310546875,183.25
2023-03-21,157.0054168701172,100.61000061035156,267.4463806152344,26.177244186401367,384.921875,197.5800018310547
2023-03-22,155.57611083984375,98.69999694824219,265.9908447265625,26.44602394104004,378.3602294921875,191.14999389648438
2023-03-23,156.66041564941406,98.70999908447266,271.236572265625,27.16842269897461,379.38311767578125,192.22000122070312
2023-03-24,157.96157836914062,98.12999725341797,274.0793151855469,26.75676155090332,381.8726501464844,190.41000366210938
2023-03-27,156.01971435546875,98.04000091552734,269.9861755371094,26.508968353271484,382.5866394042969,191.80999755859375
2023-03-28,155.39869689941406,97.23999786376953,268.86285400390625,26.3880672454834,381.7278747558594,189.19000244140625
2023-03-29,158.4741668701172,100.25,274.0206298828125,26.961593627929688,387.2762145996094,193.8800048828125
2023-03-30,160.0414581298828,102.0,277.478759765625,27.360258102416992,389.5437927246094,195.27999877929688
2023-03-31,162.545166015625,103.29000091552734,281.63043212890625,27.753934860229492,395.03436279296875,207.4600067138672
2023-04-03,163.79702758789062,102.41000366210938,280.5852355957031,27.941776275634766,396.5397033691406,194.77000427246094
2023-04-04,163.2647705078125,103.94999694824219,280.5363464355469,27.430198669433594,394.339599609375,192.5800018310547
2023-04-05,161.4214630126953,101.0999984741211,277.76202392578125,26.858678817749023,393.3070983886719,185.52000427246094
2023-04-06,162.30862426757812,102.05999755859375,284.8540954589844,27.01454734802246,394.84136962890625,185.05999755859375
2023-04-10,159.71617126464844,102.16999816894531,282.69525146484375,27.55609893798828,395.2466125488281,184.50999450683594
2023-04-11,158.50372314453125,99.91999816894531,276.2869567871094,27.146442413330078,395.352783203125,186.7899932861328
2023-04-12,157.81375122070312,97.83000183105469,276.93170166015625,26.472999572753906,393.7413635253906,180.5399932861328
2023-04-13,163.19578552246094,102.4000015258789,283.1348571777344,26.441024780273438,398.97125244140625,185.89999389648438
2023-04-14,162.8507843017578,102.51000213623047,279.5204162597656,26.735774993896484,397.9966735839844,185.0
2023-04-17,162.87046813964844,102.73999786376953,282.1188659667969,26.979578018188477,399.42474365234375,187.0399932861328
2023-04-18,164.09275817871094,102.30000305175781,281.6987609863281,27.644023895263672,399.6852722167969,184.30999755859375
2023-04-19,165.2362060546875,104.30000305175781,281.7769470214844,27.907806396484375,399.6177978515625,180.58999633789062
2023-04-20,164.2701873779297,103.80999755859375,279.49114990234375,27.081491470336914,397.4370422363281,162.99000549316406
2023-04-21,162.66346740722656,106.95999908447266,279.1492004394531,27.096479415893555,397.745849609375,165.0800018310547
2023-04-24,162.9690704345703,106.20999908447266,275.25146484375,27.01954460144043,398.1607666015625,162.5500030517578
2023-04-25,161.4313201904297,102.56999969482422,269.0484924316406,26.219209671020508,391.84039306640625,160.6699981689453
2023-04-26,161.4214630126953,104.9800033569336,288.5368347167969,26.93361473083496,390.18072509765625,153.75
2023-04-27,166.00506591796875,109.81999969482422,297.7779846191406,27.203392028808594,397.9484558105469,160.19000244140625
2023-04-28,167.25692749023438,105.44999694824219,300.15185546875,27.72595977783203,401.344970703125,164.30999755859375
2023-05-01,167.168212890625,102.05000305175781,298.4911804199219,28.88599395751953,400.93975830078125,161.8300018310547
2023-05-02,166.13319396972656,103.62999725341797,298.3445739746094,28.186573028564453,396.43353271484375,160.30999755859375
2023-05-03,165.0587615966797,103.6500015258789,297.35797119140625,27.778911590576172,393.7123718261719,160.61000061035156
2023-05-04,163.42247009277344,104.0,298.3445739746094,27.539113998413086,390.9237060546875,161.1999969482422
2023-05-05,171.09140014648438,105.66000366210938,303.4634704589844,28.65618324279785,398.1607666015625,170.05999755859375
2023-05-08,171.0223846435547,105.83000183105469,301.5096435546875,29.12679100036621,398.2668762207031,171.7899932861328
2023-05-09,169.3170928955078,106.62000274658203,299.8978271484375,28.54727554321289,396.5203552246094,169.14999389648438
2023-05-10,171.08154296875,110.19000244140625,305.0849914550781,28.86101531982422,398.373046875,168.5399932861328
2023-05-11,171.26881408691406,112.18000030517578,302.9358825683594,28.55426788330078,397.6782531738281,172.0800018310547
2023-05-12,170.3409423828125,110.26000213623047,301.822265625,28.31646156311035,397.15716552734375,167.97999572753906
2023-05-15,169.84742736816406,111.19999694824219,302.3009338378906,28.928955078125,398.52740478515625,166.35000610351562
2023-05-16,169.84742736816406,113.4000015258789,304.52813720703125,29.18874168395996,395.86419677734375,166.52000427246094
2023-05-17,170.4593963623047,115.5,307.4064636230469,30.15294075012207,400.6695251464844,173.86000061035156
2023-05-18,172.7888946533203,118.1500015258789,311.83154296875,31.65169334411621,404.529296875,176.88999938964844
2023-05-19,172.8975067138672,116.25,311.6552734375,31.238039016723633,403.940673828125,180.13999938964844
2023-05-22,171.94989013671875,115.01000213623047,314.4356689453125,31.150115966796875,404.1047668457031,188.8699951171875
2023-05-23,169.343994140625,114.98999786376953,308.6399841308594,30.66251564025879,399.56951904296875,185.77000427246094
2023-05-24,169.62037658691406,116.75,307.2596130371094,30.51264190673828,396.6747131347656,182.89999389648438
2023-05-25,170.7555389404297,115.0,319.0761413574219,37.948463439941406,400.1098937988281,184.47000122070312
2023-05-26,173.1639862060547,120.11000061035156,325.8997802734375,38.913658142089844,405.2916259765625,193.1699981689453
2023-05-30,175.00987243652344,121.66000366210938,324.2550354003906,40.07769775390625,405.446044921875,201.16000366210938
2023-05-31,174.96047973632812,120.58000183105469,321.4942321777344,37.80258560180664,403.19769287109375,203.92999267578125
2023-06-01,177.7637939453125,122.7699966430664,325.59625244140625,39.73697280883789,407.0284729003906,207.52000427246094
2023-06-02,178.6127166748047,124.25,328.3570556640625,39.29434585571289,412.91461181640625,213.97000122070312
2023-06-05,177.26040649414062,125.30000305175781,328.8857421875,39.13847732543945,412.1233215332031,217.61000061035156
2023-06-06,176.8951873779297,126.61000061035156,326.67315673828125,38.62189865112305,413.02069091796875,221.30999755859375
2023-06-07,175.5231475830078,121.2300033569336,316.5894775390625,37.447750091552734,411.59259033203125,224.57000732421875
2023-06-08,178.23760986328125,124.25,318.4300231933594,38.481998443603516,414.0821533203125,234.86000061035156
2023-06-09,178.62258911132812,123.43000030517578,319.9278869628906,38.7418212890625,414.8251647949219,244.39999389648438
2023-06-12,181.41603088378906,126.56999969482422,324.8816223144531,39.45329666137695,418.5883483886719,249.8300018310547
2023-06-13,180.9422149658203,126.66000366210938,327.2704162597656,40.9921760559082,421.34808349609375,258.7099914550781
2023-06-14,181.57394409179688,126.41999816894531,330.25634765625,42.96574783325195,421.8498229980469,256.7900085449219
2023-06-15,183.6073455810547,127.11000061035156,340.79034423828125,42.62199401855469,427.07977294921875,255.89999389648438
2023-06-16,182.5314178466797,125.48999786376953,335.1415100097656,42.66095733642578,425.6250915527344,260.5400085449219
2023-06-20,182.6202392578125,125.77999877929688,330.951416015625,43.776153564453125,423.41680908203125,274.45001220703125
2023-06-21,181.58383178710938,124.83000183105469,326.5556640625,43.01370620727539,421.2474060058594,259.4599914550781
2023-06-22,184.58456420898438,130.14999389648438,332.5765686035156,42.993717193603516,422.7679748535156,264.6099853515625
2023-06-23,184.2686767578125,129.3300018310547,327.9850158691406,42.17831802368164,419.57183837890625,256.6000061035156
2023-06-26,182.8769073486328,127.33000183105469,321.6998596191406,40.60246658325195,417.8575439453125,241.0500030517578
2023-06-27,185.630859375,129.17999267578125,327.5444641113281,41.84555435180664,422.43865966796875,250.2100067138672
2023-06-28,186.8054962158203,129.0399932861328,328.797607421875,41.08710479736328,422.6517333984375,256.239990234375
2023-06-29,187.14109802246094,127.9000015258789,328.014404296875,40.792320251464844,424.317626953125,257.5
2023-06-30,191.46450805664062,130.36000061035156,333.3891296386719,42.27124786376953,429.3248596191406,261.7699890136719
2023-07-03,189.9740447998047,130.22000122070312,330.89263916015625,42.38216018676758,429.8187561035156,279.82000732421875
2023-07-05,188.85862731933594,130.3800048828125,331.0493469238281,42.28623580932617,429.1795654296875,282.4800109863281
2023-07-06,189.33245849609375,128.36000061035156,334.103759765625,42.0723991394043,425.81878662109375,276.5400085449219
2023-07-07,188.21702575683594,129.77999877929688,330.1388854980469,42.47209930419922,424.7436828613281,274.42999267578125
2023-07-10,186.17373657226562,127.12999725341797,324.8619689941406,42.14933395385742,425.81878662109375,269.6099853515625
2023-07-11,185.65060424804688,128.77999877929688,325.4886169433594,42.37416076660156,428.5306396484375,269.7900085449219
2023-07-12,187.31878662109375,130.8000030517578,330.1192626953125,43.87008285522461,431.9785461425781,271.989990234375
2023-07-13,188.07882690429688,134.3000030517578,335.46466064453125,45.94357681274414,435.40716552734375,277.8999938964844
2023-07-14,188.22689819335938,134.67999267578125,337.990478515625,45.435943603515625,435.13592529296875,281.3800048828125
2023-07-17,191.48426818847656,133.55999755859375,338.4701232910156,46.427223205566406,436.64678955078125,290.3800048828125
2023-07-18,191.2276153564453,132.8300018310547,351.941162109375,47.459468841552734,439.8913269042969,293.3399963378906
2023-07-19,192.57994079589844,135.36000061035156,347.6238098144531,47.04277038574219,440.8695373535156,291.260009765625
2023-07-20,190.6353759765625,129.9600067138672,339.586181640625,45.486907958984375,437.94464111328125,262.8999938964844
2023-07-21,189.46075439453125,130.0,336.55133056640625,44.27678298950195,437.94464111328125,260.0199890136719
2023-07-24,190.26028442382812,128.8000030517578,337.86309814453125,44.579566955566406,439.9010009765625,269.05999755859375
2023-07-25,191.11904907226562,129.1300048828125,343.6098937988281,45.64579772949219,441.10198974609375,265.2799987792969
2023-07-26,191.98768615722656,128.14999389648438,330.6772766113281,45.4189567565918,441.1698303222656,264.3500061035156
2023-07-27,190.72422790527344,128.25,323.7752990722656,45.86663818359375,438.244873046875,255.7100067138672
2023-07-28,193.30047607421875,132.2100067138672,331.2646789550781,46.71601104736328,442.5354309082031,266.44000244140625
2023-07-31,193.91250610351562,133.67999267578125,328.8661193847656,46.69502258300781,443.3780517578125,267.42999267578125
2023-08-01,193.08334350585938,131.69000244140625,329.2773742675781,46.47319030761719,442.1092834472656,261.07000732421875
2023-08-02,190.09246826171875,128.2100067138672,320.6229553222656,44.236812591552734,435.95916748046875,254.11000061035156
2023-08-03,188.70068359375,128.91000366210938,319.80059814453125,44.482635498046875,434.7098083496094,259.32000732421875
2023-08-04,179.6392822265625,139.57000732421875,320.8970642089844,44.64751434326172,432.7436828613281,253.86000061035156
2023-08-07,176.5398406982422,142.22000122070312,323.1781311035156,45.38399124145508,436.5208740234375,251.4499969482422
2023-08-08,177.47755432128906,139.94000244140625,319.2033996582031,44.631534576416016,434.6225891113281,249.6999969482422
2023-08-09,175.8883514404297,137.85000610351562,315.4636535644531,42.52306365966797,431.7170715332031,242.19000244140625
2023-08-10,175.67120361328125,138.55999755859375,316.14892578125,42.3571891784668,431.8720397949219,245.33999633789062
2023-08-11,175.7305145263672,138.41000366210938,314.26922607421875,40.82530212402344,431.6202087402344,242.64999389648438
2023-08-14,177.38119506835938,140.57000732421875,317.235595703125,43.721187591552734,434.00274658203125,239.75999450683594
2023-08-15,175.39443969726562,137.6699981689453,315.10137939453125,43.908050537109375,428.94708251953125,232.9600067138672
2023-08-16,174.524658203125,135.07000732421875,314.3361511230469,43.45438766479492,425.7994079589844,225.60000610351562
2023-08-17,171.98443603515625,133.97999572753906,310.8827819824219,43.31248474121094,422.55487060546875,219.22000122070312
2023-08-18,172.46875,133.22000122070312,310.4903869628906,43.26751708984375,422.7582702636719,215.49000549316406
2023-08-21,173.80307006835938,134.67999267578125,315.78814697265625,46.93285369873047,425.50885009765625,231.27999877929688
2023-08-22,175.17698669433594,134.25,316.3572082519531,45.63479995727539,424.3563537597656,233.19000244140625
2023-08-23,179.0219268798828,135.52000427246094,320.81121826171875,47.081756591796875,429.08270263671875,236.86000061035156
2023-08-24,174.33685302734375,131.83999633789062,313.9143371582031,47.12871170043945,423.1360168457031,230.0399932861328
2023-08-25,176.54100036621094,133.25999450683594,316.8673095703125,45.98454666137695,426.1190490722656,238.58999633789062
2023-08-28,178.1027069091797,133.13999938964844,317.5736999511719,46.80095291137695,428.8212585449219,238.82000732421875
2023-08-29,181.98716735839844,134.91000366210938,322.1946105957031,48.748531341552734,435.01971435546875,257.17999267578125
2023-08-30,185.47628784179688,135.07000732421875,322.5673522949219,49.228187561035156,436.8115234375,256.8999938964844
2023-08-31,185.69374084472656,138.00999450683594,321.556884765625,49.319122314453125,436.1722717285156,258.0799865722656
2023-09-01,187.2653350830078,138.1199951171875,322.4398498535156,48.473731994628906,436.9858093261719,245.00999450683594
2023-09-05,187.5025177001953,137.27000427246094,327.2372741699219,48.51271057128906,435.0971984863281,256.489990234375
2023-09-06,180.7912139892578,135.36000061035156,326.5799865722656,47.03066635131836,432.1722717285156,251.9199981689453
2023-09-07,175.503173828125,137.85000610351562,323.6661682128906,46.2111930847168,430.8453674316406,251.49000549316406
2023-09-08,176.1160125732422,138.22999572753906,327.9436340332031,45.54261779785156,431.4942626953125,248.5
2023-09-11,177.2823028564453,143.10000610351562,331.5442199707031,45.14887619018555,434.3321228027344,273.5799865722656
2023-09-12,174.25778198242188,141.22999572753906,325.4909362792969,44.84107208251953,431.94952392578125,267.4800109863281
2023-09-13,172.19198608398438,144.85000610351562,329.69976806640625,45.4556770324707,432.453125,271.29998779296875
2023-09-14,173.70425415039062,144.72000122070312,332.2898254394531,45.55161666870117,436.1819152832031,276.0400085449219
2023-09-15,172.98269653320312,140.38999938964844,323.9703369140625,43.871700286865234,430.9266662597656,274.3900146484375
2023-09-18,175.90843200683594,139.97999572753906,322.832275390625,43.937660217285156,431.17938232421875,265.2799987792969
2023-09-19,176.9956817626953,137.6300048828125,322.4300231933594,43.491939544677734,430.28521728515625,266.5
2023-09-20,173.45712280273438,135.2899932861328,314.69915771484375,42.211769104003906,426.3294677734375,262.5899963378906
2023-09-21,171.91522216796875,129.3300018310547,313.48260498046875,40.99055862426758,419.2828674316406,255.6999969482422
2023-09-22,172.76522827148438,129.1199951171875,311.0102844238281,41.58317184448242,418.34014892578125,244.8800048828125
2023-09-25,174.04031372070312,131.27000427246094,311.5303039550781,42.19477844238281,420.099365234375,246.99000549316406
2023-09-26,169.96804809570312,125.9800033569336,306.23248291015625,41.88397979736328,413.9275207519531,244.1199951171875
2023-09-27,168.45574951171875,125.9800033569336,306.87017822265625,42.44062423706055,414.0927734375,240.5
2023-09-28,168.7127685546875,125.9800033569336,307.7041320800781,43.061222076416016,416.4934387207031,246.3800048828125
2023-09-29,169.2267303466797,127.12000274658203,309.77410888671875,43.47095489501953,415.482666015625,250.22000122070312
2023-10-02,171.7373046875,129.4600067138672,315.70965576171875,44.75313186645508,415.3173828125,251.60000610351562
2023-10-03,170.4029083251953,124.72000122070312,307.4588623046875,43.48893737792969,409.7579040527344,246.52999877929688
2023-10-04,171.64834594726562,127.0,312.9233703613281,44.012611389160156,412.7417907714844,261.1600036621094
2023-10-05,172.88388061523438,125.95999908447266,313.3158264160156,44.6591911315918,412.5862731933594,260.04998779296875
2023-10-06,175.43399047851562,127.95999908447266,321.06634521484375,45.73249816894531,417.4848327636719,260.5299987792969
2023-10-09,176.91661071777344,128.25999450683594,323.577880859375,45.24381637573242,420.1576843261719,259.6700134277344
2023-10-10,176.32354736328125,129.47999572753906,322.1749267578125,45.76847457885742,422.3445129394531,263.6199951171875
2023-10-11,177.7172088623047,131.8300018310547,326.12872314453125,46.77582931518555,424.07452392578125,262.989990234375
2023-10-12,178.61668395996094,132.3300018310547,324.89251708984375,46.91473388671875,421.48919677734375,258.8699951171875
2023-10-13,176.7782440185547,129.7899932861328,321.5274353027344,45.431697845458984,419.3898010253906,251.1199951171875
2023-10-16,176.6497344970703,132.5500030517578,326.344482421875,46.065284729003906,423.8023986816406,253.9199981689453
2023-10-17,175.09791564941406,131.47000122070312,325.77545166015625,43.909671783447266,423.7829284667969,254.85000610351562
2023-10-18,173.80307006835938,128.1300048828125,323.86236572265625,42.168792724609375,418.1360168457031,242.67999267578125
2023-10-19,173.427490234375,128.39999389648438,325.0494689941406,42.07386779785156,414.46209716796875,220.11000061035156
2023-10-20,170.8773956298828,125.16999816894531,320.4875183105469,41.360313415527344,409.3691711425781,211.99000549316406
2023-10-23,170.99600219726562,126.55999755859375,323.08734130859375,42.94729232788086,408.6596374511719,212.0800018310547
2023-10-24,171.43087768554688,128.55999755859375,324.2744140625,43.63484573364258,411.7406921386719,216.52000427246094
2023-10-25,169.1179962158203,121.38999938964844,334.2225646972656,41.75206756591797,405.831298828125,212.4199981689453
2023-10-26,164.95675659179688,119.56999969482422,321.6844177246094,40.30000305175781,400.97161865234375,205.75999450683594
2023-10-27,166.2713623046875,127.73999786376953,323.5680847167969,40.47388458251953,399.15411376953125,207.3000030517578
2023-10-30,168.31736755371094,132.7100067138672,330.9261474609375,41.13446807861328,403.92633056640625,197.36000061035156
2023-10-31,168.79185485839844,133.08999633789062,331.71099853515625,40.75370407104492,406.4631042480469,200.83999633789062
2023-11-01,171.95477294921875,137.0,339.52032470703125,42.2977180480957,410.79791259765625,205.66000366210938
2023-11-02,175.51304626464844,138.07000732421875,341.7277526855469,43.47795486450195,418.67059326171875,218.50999450683594
2023-11-03,174.6037139892578,138.60000610351562,346.1230163574219,44.975990295410156,422.4902648925781,219.9600067138672
2023-11-06,177.15382385253906,139.74000549316406,349.7823181152344,45.72150802612305,423.4622497558594,219.27000427246094
2023-11-07,179.7138214111328,142.7100067138672,353.7066955566406,45.92538070678711,424.6673889160156,222.17999267578125
2023-11-08,180.77142333984375,142.0800018310547,356.326171875,46.543983459472656,424.9784240722656,222.11000061035156
2023-11-09,180.2969970703125,140.60000610351562,353.8636169433594,46.91973114013672,421.66412353515625,209.97999572753906
2023-11-10,184.48348999023438,143.55999755859375,362.6737365722656,48.303836822509766,428.2441101074219,214.64999389648438
2023-11-13,182.8999481201172,142.58999633789062,359.740234375,48.588653564453125,427.8359375,223.7100067138672
2023-11-14,185.51280212402344,145.8000030517578,363.2622985839844,49.623985290527344,436.13629150390625,237.41000366210938
2023-11-15,186.07693481445312,143.1999969482422,363.40985107421875,48.856483459472656,437.0596008300781,242.83999633789062
2023-11-16,187.7594757080078,142.8300018310547,369.79974365234375,49.44810104370117,437.59423828125,233.58999633789062
2023-11-17,187.7396697998047,145.17999267578125,363.58673095703125,49.26622009277344,438.138427734375,234.3000030517578
2023-11-20,189.48158264160156,146.1300048828125,371.0482177734375,50.376502990722656,441.5110778808594,235.60000610351562
2023-11-21,188.67990112304688,143.89999389648438,366.7521667480469,49.911800384521484,440.548828125,241.1999969482422
2023-11-22,189.34300231933594,146.7100067138672,371.45123291015625,48.68458938598633,442.2497253417969,234.2100067138672
2023-11-24,188.01678466796875,146.74000549316406,371.03839111328125,47.74520492553711,442.52178955078125,235.4499969482422
2023-11-27,187.838623046875,147.72999572753906,372.1983947753906,48.210899353027344,441.7248840332031,236.0800018310547
2023-11-28,188.44236755371094,147.02999877929688,376.2191162109375,47.79016876220703,442.1622314453125,246.72000122070312
2023-11-29,187.42294311523438,146.32000732421875,372.4343566894531,48.10896682739258,441.8512268066406,244.13999938964844
2023-11-30,187.99700927734375,146.08999633789062,372.4932861328125,46.739845275878906,443.5909423828125,240.0800018310547
2023-12-01,189.2737579345703,147.02999877929688,368.1678466796875,46.7348518371582,446.2152404785156,238.8300018310547
2023-12-04,187.48231506347656,144.83999633789062,362.8887634277344,45.480655670166016,443.87286376953125,235.5800018310547
2023-12-05,191.43130493164062,146.8800048828125,366.2115173339844,46.54008102416992,443.785400390625,238.72000122070312
2023-12-06,190.34262084960938,144.52000427246094,362.55450439453125,45.477664947509766,441.9970397949219,239.3699951171875
2023-12-07,192.2725830078125,146.8800048828125,364.6681213378906,46.57004928588867,445.36962890625,242.63999938964844
2023-12-08,193.69778442382812,147.4199981689453,367.8926086425781,47.47954559326172,447.2843322753906,243.83999633789062
2023-12-11,191.19378662109375,145.88999938964844,365.01214599609375,46.601036071777344,449.02410888671875,239.74000549316406
2023-12-12,192.70806884765625,147.47999572753906,368.0400085449219,47.630470275878906,451.0748291015625,237.00999450683594
2023-12-13,195.92465209960938,148.83999633789062,368.0301818847656,48.061222076416016,457.2952880859375,239.2899932861328
2023-12-14,196.0731201171875,147.4199981689453,359.7331237792969,48.32307815551758,458.7629089355469,251.0500030517578
2023-12-15,195.53863525390625,149.97000122070312,364.45184326171875,48.86277770996094,458.00750732421875,253.5
2023-12-18,193.8759307861328,154.07000732421875,366.33929443359375,50.049110412597656,460.5838623046875,252.0800018310547
2023-12-19,194.91513061523438,153.7899932861328,366.93902587890625,49.576377868652344,463.3846130371094,257.2200012207031
2023-12-20,192.8268280029297,152.1199951171875,364.34368896484375,48.08420944213867,456.9634094238281,247.13999938964844
2023-12-21,192.6783447265625,153.83999633789062,367.2142639160156,48.96271896362305,461.2962341308594,254.5
2023-12-22,191.60948181152344,153.4199981689453,368.236572265625,48.80281066894531,462.2232971191406,252.5399932861328
2023-12-26,191.0651397705078,153.41000366210938,368.31524658203125,49.251556396484375,464.175048828125,256.6099853515625
2023-12-27,191.1641082763672,153.33999633789062,367.7352294921875,49.38948440551758,465.0142822265625,261.44000244140625
2023-12-28,191.5896759033203,153.3800048828125,368.9248046875,49.49443054199219,465.1899719238281,253.17999267578125
2023-12-29,190.55047607421875,151.94000244140625,369.671875,49.49443054199219,463.8432922363281,248.47999572753906
2024-01-02,183.73130798339844,149.92999267578125,364.5894470214844,48.14117431640625,461.24749755859375,248.4199981689453
2024-01-03,182.35562133789062,148.47000122070312,364.32403564453125,47.542510986328125,457.4806213378906,238.4499969482422
2024-01-04,180.03965759277344,144.57000732421875,361.7091064453125,47.971275329589844,456.0069580078125,237.92999267578125
2024-01-05,179.317138671875,145.24000549316406,361.5223083496094,49.06966018676758,456.63153076171875,237.49000549316406
2024-01-08,183.65213012695312,149.10000610351562,368.3447570800781,52.22390365600586,463.1504211425781,240.4499969482422
2024-01-09,183.2364501953125,151.3699951171875,369.4261474609375,53.11041259765625,462.44781494140625,234.9600067138672
2024-01-10,184.2756805419922,153.72999572753906,376.2879333496094,54.319732666015625,465.0631103515625,233.94000244140625
2024-01-11,183.68182373046875,155.17999267578125,378.1164245605469,54.791473388671875,464.85821533203125,227.22000122070312
2024-01-12,184.0084228515625,154.6199951171875,381.89141845703125,54.679534912109375,465.1802062988281,218.88999938964844
2024-01-16,181.74197387695312,153.16000366210938,383.66094970703125,56.35060501098633,463.4724426269531,219.91000366210938
2024-01-17,180.80174255371094,151.7100067138672,382.87451171875,56.02178955078125,460.8961486816406,215.5500030517578
2024-01-18,186.69056701660156,153.5,387.1999206542969,57.0752067565918,464.9947814941406,211.8800048828125
2024-01-19,189.5904541015625,155.33999633789062,391.918701171875,59.45787048339844,470.79150390625,212.19000244140625
2024-01-22,191.89649963378906,154.77999877929688,389.7952880859375,59.62078094482422,471.78692626953125,208.8000030517578
2024-01-23,193.17320251464844,156.02000427246094,392.1448059082031,59.839664459228516,473.16290283203125,209.13999938964844
2024-01-24,192.50022888183594,156.8699951171875,395.74285888671875,61.32783126831055,473.68011474609375,207.8300018310547
2024-01-25,192.1736297607422,157.75,398.0137023925781,61.58269500732422,476.2563781738281,182.6300048828125
2024-01-26,190.4416046142578,159.1199951171875,397.089599609375,60.99701690673828,475.6513671875,183.25
2024-01-29,189.7587127685547,161.25999450683594,402.78155517578125,62.43022155761719,479.4182434082031,190.92999267578125
2024-01-30,186.10662841796875,159.0,401.6706848144531,62.739044189453125,479.0474548339844,191.58999633789062
2024-01-31,182.50404357910156,155.1999969482422,390.8471374511719,61.49274444580078,471.23065185546875,187.2899932861328
2024-02-01,184.9387664794922,159.27999877929688,396.9421081542969,62.99190902709961,477.3982238769531,188.86000061035156
2024-02-02,183.93914794921875,171.80999755859375,404.25616455078125,66.12315368652344,482.4239807128906,187.91000366210938
2024-02-05,185.75033569335938,170.30999755859375,398.7804260253906,69.29340362548828,480.6673278808594,181.05999755859375
2024-02-06,187.3536834716797,169.14999389648438,398.6231994628906,68.18501281738281,482.0628662109375,185.10000610351562
2024-02-07,187.46255493164062,170.52999877929688,407.0382080078125,70.05996704101562,486.0834655761719,187.5800018310547
2024-02-08,186.38375854492188,169.83999633789062,407.0971984863281,69.60221099853516,486.2981872558594,189.55999755859375
2024-02-09,187.1468048095703,174.4499969482422,413.4281311035156,72.09284973144531,489.10870361328125,193.57000732421875
2024-02-12,185.46214294433594,172.33999633789062,408.2277526855469,72.20777130126953,488.89398193359375,188.1300048828125
2024-02-13,183.3711700439453,168.63999938964844,399.43914794921875,72.08784484863281,482.16046142578125,184.02000427246094
2024-02-14,182.48919677734375,170.97999572753906,403.2998352050781,73.85887145996094,486.54217529296875,188.7100067138672
2024-02-15,182.20181274414062,169.8000030517578,400.4141540527344,72.61753845214844,489.899169921875,200.4499969482422
2024-02-16,180.66578674316406,169.50999450683594,397.95196533203125,72.57255554199219,487.45947265625,199.9499969482422
2024-02-20,179.92254638671875,167.0800018310547,396.701171875,69.413330078125,484.77581787109375,193.75999450683594
2024-02-21,180.67572021484375,168.58999633789062,396.1003723144531,67.43443298339844,485.2149658203125,194.77000427246094
2024-02-22,182.7071990966797,174.5800018310547,405.42718505859375,78.49427795410156,495.25665283203125,197.41000366210938
2024-02-23,180.8739013671875,174.99000549316406,404.13702392578125,78.77311706542969,495.5982666015625,191.97000122070312
2024-02-26,179.52615356445312,174.72999572753906,401.3793640136719,79.04796600341797,493.7831115722656,199.39999389648438
2024-02-27,180.98291015625,173.5399932861328,401.3202209472656,78.65717315673828,494.700439453125,199.72999572753906
2024-02-28,179.78379821777344,173.16000366210938,401.5566101074219,77.61975860595703,494.0466003417969,202.0399932861328
2024-02-29,179.11984252929688,176.75999450683594,407.3871765136719,79.06795501708984,495.82269287109375,201.8800048828125
2024-03-01,178.03968811035156,178.22000122070312,409.218994140625,82.23318481445312,500.47760009765625,202.63999938964844
2024-03-04,173.5208282470703,177.5800018310547,408.6477966308594,85.18952941894531,499.9408874511719,188.13999938964844
2024-03-05,168.58570861816406,174.1199951171875,396.5632629394531,85.920166015625,494.9444580078125,180.74000549316406
2024-03-06,167.59474182128906,173.50999450683594,396.0117492675781,88.65476989746094,497.45245361328125,176.5399932861328
2024-03-07,167.47581481933594,176.82000732421875,402.9552001953125,92.62174224853516,502.3903503417969,178.64999389648438
2024-03-08,169.19021606445312,175.35000610351562,400.07928466796875,87.4833755493164,499.37493896484375,175.33999633789062
2024-03-11,171.19200134277344,171.9600067138672,398.40496826171875,85.7302474975586,498.945556640625,177.77000427246094
2024-03-12,171.66769409179688,175.38999938964844,409.00238037109375,91.86614227294922,504.3128662109375,177.5399932861328
2024-03-13,169.5866241455078,176.55999755859375,408.8250427246094,90.8416519165039,503.5223693847656,169.47999572753906
2024-03-14,171.43975830078125,178.75,418.7921142578125,87.89915466308594,502.5269775390625,162.5
2024-03-15,171.0631866455078,174.4199981689453,410.1250915527344,87.7922134399414,499.0763244628906,163.57000732421875
2024-03-18,172.15325927734375,174.47999572753906,411.0115051269531,88.4098892211914,502.04241943359375,173.8000030517578
2024-03-19,174.4919891357422,175.89999389648438,415.0396423339844,89.35242462158203,504.83233642578125,171.32000732421875
2024-03-20,177.05862426757812,178.14999389648438,418.8019104003906,90.32592010498047,509.50164794921875,175.66000366210938
2024-03-21,169.824462890625,178.14999389648438,422.8793029785156,91.38836669921875,511.1854553222656,172.82000732421875
2024-03-22,170.7262420654297,178.8699951171875,422.2588806152344,94.24091339111328,510.2162780761719,170.8300018310547
2024-03-25,169.30914306640625,179.7100067138672,416.4677734375,94.95355987548828,508.80670166015625,172.6300048828125
2024-03-26,168.179443359375,178.3000030517578,415.2760314941406,92.51380157470703,507.8669128417969,177.6699981689453
2024-03-27,171.74697875976562,179.8300018310547,415.0593566894531,90.20398712158203,512.1348266601562,179.8300018310547
2024-03-28,169.93345642089844,180.3800048828125,414.3600769042969,90.30992889404297,512.0370483398438,175.7899932861328
2024-04-01,168.49652099609375,180.97000122070312,418.15191650390625,90.3169174194336,511.14630126953125,175.22000122070312
2024-04-02,167.3172607421875,180.69000244140625,415.0692138671875,89.40638732910156,507.8963623046875,166.6300048828125
2024-04-03,168.11996459960938,182.41000366210938,414.09423828125,88.91864013671875,508.45428466796875,168.3800048828125
2024-04-04,167.29745483398438,180.0,411.56304931640625,85.8611831665039,502.2480163574219,171.11000061035156
2024-04-05,168.05059814453125,185.07000732421875,419.0875244140625,87.96312713623047,507.49493408203125,164.89999389648438
2024-04-08,166.9307861328125,185.19000244140625,418.1716003417969,87.08856201171875,507.7788391113281,172.97999572753906
2024-04-09,168.13978576660156,185.6699981689453,419.8360900878906,85.31046295166016,508.3661193847656,176.8800048828125
2024-04-10,166.266845703125,185.9499969482422,416.8616943359375,86.99461364746094,503.2759094238281,171.75999450683594
2024-04-11,173.46133422851562,189.0500030517578,421.46112060546875,90.56978607177734,507.0740661621094,174.60000610351562
2024-04-12,174.95774841308594,186.1300048828125,415.52227783203125,88.14102935791016,500.0748291015625,171.0500030517578
2024-04-15,171.13255310058594,183.6199951171875,407.3871765136719,85.95713806152344,493.8098449707031,161.47999572753906
2024-04-16,167.8524169921875,183.32000732421875,408.3128967285156,87.37042999267578,492.9092102050781,157.11000061035156
2024-04-17,166.48483276367188,181.27999877929688,405.6143798828125,83.99214935302734,489.9920654296875,155.4499969482422
2024-04-18,165.5334930419922,179.22000122070312,398.1587829589844,84.62782287597656,488.98382568359375,149.92999267578125
2024-04-19,163.5118865966797,174.6300048828125,393.08660888671875,76.16114807128906,484.7157897949219,147.0500030517578
2024-04-22,164.34432983398438,177.22999572753906,394.8988037109375,79.47744750976562,489.1795959472656,142.0500030517578
2024-04-23,165.39476013183594,179.5399932861328,401.4089050292969,82.38097381591797,494.9844970703125,144.67999267578125
2024-04-24,167.4956512451172,176.58999633789062,402.8763427734375,79.63636779785156,494.7496032714844,162.1300048828125
2024-04-25,168.35780334472656,173.6699981689453,393.0078430175781,82.5898666381836,492.87005615234375,170.17999267578125
2024-04-26,167.77313232421875,179.6199951171875,400.17779541015625,87.69026947021484,497.5394592285156,168.2899932861328
2024-04-29,171.93524169921875,180.9600067138672,396.1692810058594,87.7122573852539,499.301513671875,194.0500030517578
2024-04-30,168.7938232421875,175.0,383.4446105957031,86.35794830322266,491.3919372558594,183.27999877929688
2024-05-01,167.77313232421875,179.0,388.96978759765625,82.99864196777344,489.79632568359375,179.99000549316406
2024-05-02,171.46949768066406,184.72000122070312,391.8259582519531,85.77323913574219,494.3775634765625,180.00999450683594
2024-05-03,181.72613525390625,186.2100067138672,400.5126647949219,88.74372100830078,500.50555419921875,181.19000244140625
2024-05-06,180.0712127685547,188.6999969482422,407.2886657714844,92.093017578125,505.67413330078125,184.75999450683594
2024-05-07,180.75498962402344,188.75999450683594,403.1521301269531,90.50782012939453,506.232177734375,177.80999755859375
2024-05-08,181.0919189453125,188.0,404.333984375,90.36589813232422,506.28106689453125,174.72000122070312
2024-05-09,182.90542602539062,189.5,406.0871276855469,88.70175170898438,509.1982116699219,171.97000122070312
2024-05-10,181.64515686035156,187.47999572753906,408.47052001953125,89.83216094970703,509.8541564941406,168.47000122070312
2024-05-13,184.850341796875,186.57000732421875,407.4659423828125,90.35291290283203,509.9225769042969,171.88999938964844
2024-05-14,185.9915313720703,187.07000732421875,410.26300048828125,91.3094253540039,512.26220703125,177.5500030517578
2024-05-15,188.26397705078125,185.99000549316406,417.4360046386719,94.58174896240234,518.6055297851562,173.99000549316406
2024-05-16,188.38302612304688,183.6300048828125,415.3738708496094,94.31088256835938,517.5385131835938,174.83999633789062
2024-05-17,188.4127960205078,184.6999969482422,414.6042785644531,92.43183898925781,518.2825927734375,177.4600067138672
2024-05-20,189.57382202148438,183.5399932861328,419.6658630371094,94.73168182373047,518.879638671875,174.9499969482422
2024-05-21,190.873779296875,183.14999389648438,423.3165283203125,95.33736419677734,520.1521606445312,186.60000610351562
2024-05-22,189.43487548828125,183.1300048828125,424.7767333984375,94.90157318115234,518.6546020507812,180.11000061035156
2024-05-23,185.44578552246094,181.0500030517578,421.3037414550781,103.7460708618164,514.8661499023438,173.74000549316406
2024-05-24,188.52195739746094,180.75,424.42156982421875,106.4146957397461,518.2726440429688,179.24000549316406
2024-05-28,188.5319061279297,182.14999389648438,424.5794372558594,113.8429183959961,518.635009765625,176.75
2024-05-29,188.82958984375,182.02000427246094,423.44476318359375,114.76644134521484,515.0031127929688,176.19000244140625
2024-05-30,189.8218994140625,179.32000732421875,409.1382141113281,110.44364929199219,511.5867614746094,178.7899932861328
2024-05-31,190.77456665039062,176.44000244140625,409.5920715332031,109.57709503173828,516.2464599609375,178.0800018310547
2024-06-03,192.5408935546875,178.33999633789062,408.0035400390625,114.94135284423828,516.6672973632812,176.2899932861328
2024-06-04,192.85842895507812,179.33999633789062,410.5195007324219,116.37762451171875,517.2449340820312,174.77000427246094
2024-06-05,194.3667755126953,181.27999877929688,418.3536376953125,122.3775634765625,523.3923950195312,175.0
2024-06-06,192.98741149902344,185.0,418.8568115234375,120.9363021850586,523.3826904296875,177.94000244140625
2024-06-07,195.37892150878906,184.3000030517578,418.1957702636719,120.82635498046875,522.7462768554688,177.47999572753906
2024-06-10,191.63784790039062,187.05999755859375,422.1621398925781,121.72789764404297,524.3615112304688,173.7899932861328
2024-06-11,205.56019592285156,187.22999572753906,426.9079284667969,120.85828399658203,525.6243286132812,170.66000366210938
2024-06-12,211.4347686767578,186.88999938964844,435.1761474609375,125.14643096923828,529.9412841796875,177.2899932861328
2024-06-13,212.5957794189453,183.8300018310547,435.6892395019531,129.55455017089844,531.0083618164062,182.47000122070312
2024-06-14,210.85922241210938,183.66000366210938,436.666015625,131.82357788085938,531.3314208984375,178.00999450683594
2024-06-17,215.0071563720703,184.05999755859375,442.3886413574219,130.92396545410156,535.5602416992188,187.44000244140625
2024-06-18,212.6453857421875,182.80999755859375,440.3857421875,135.52198791503906,536.9208984375,184.86000061035156
2024-06-20,208.07077026367188,186.10000610351562,439.7543029785156,130.7240447998047,535.4622802734375,181.57000732421875
2024-06-21,205.89759826660156,189.0800018310547,443.7798767089844,126.51585388183594,534.7445068359375,183.00999450683594
2024-06-24,206.54258728027344,185.57000732421875,441.6979675292969,118.05946350097656,533.0061645507812,182.5800018310547
2024-06-25,207.46546936035156,186.33999633789062,444.93426513671875,126.03605651855469,535.0587768554688,187.35000610351562
2024-06-26,211.61338806152344,193.61000061035156,446.12811279296875,126.3459243774414,535.7265014648438,196.3699951171875
2024-06-27,212.4568634033203,197.85000610351562,446.8089294433594,123.93695831298828,536.5711059570312,197.4199981689453
2024-06-28,209.0035400390625,193.25,440.9875793457031,123.48714447021484,534.4595947265625,197.8800048828125
2024-07-01,215.08653259277344,197.1999969482422,450.6371154785156,124.24681854248047,535.5596313476562,209.86000061035156
2024-07-02,218.5795135498047,200.0,453.1531066894531,122.61752319335938,539.1637573242188,231.25999450683594
2024-07-03,219.84971618652344,197.58999633789062,454.62322998046875,128.22511291503906,541.5697631835938,246.38999938964844
2024-07-05,224.60292053222656,200.0,461.3226318359375,125.77616882324219,544.69287109375,251.52000427246094
2024-07-08,226.07154846191406,199.2899932861328,460.0202331542969,128.1451416015625,545.3212890625,252.94000244140625
2024-07-09,226.9249725341797,199.33999633789062,453.40966796875,131.3238067626953,545.8516845703125,262.3299865722656
2024-07-10,231.1919403076172,199.7899932861328,460.0301208496094,134.852294921875,551.2529296875,263.260009765625
2024-07-11,225.82347106933594,195.0500030517578,448.63421630859375,127.34550476074219,546.4996948242188,241.02999877929688
2024-07-12,228.77069091796875,194.49000549316406,447.4995422363281,129.18470764160156,549.94677734375,248.22999572753906
2024-07-15,232.60105895996094,192.72000122070312,447.904052734375,128.3850555419922,551.4591674804688,252.63999938964844
2024-07-16,233.01785278320312,193.02000427246094,443.5232849121094,126.3059310913086,554.7294921875,256.55999755859375
2024-07-17,227.1234130859375,187.92999267578125,437.6033630371094,117.93950653076172,546.9514770507812,248.5
2024-07-18,222.45950317382812,183.75,434.4953308105469,121.03819274902344,542.7481689453125,249.22999572753906
2024-07-19,222.5885009765625,183.1300048828125,431.2788391113281,117.87955474853516,539.14404296875,239.1999969482422
2024-07-22,222.24119567871094,182.5500030517578,437.0310363769531,123.48714447021484,544.7025146484375,251.50999450683594
2024-07-23,223.2831268310547,186.41000366210938,438.9156188964844,122.53755187988281,543.8482666015625,246.3800048828125
2024-07-24,216.86279296875,180.8300018310547,423.1784362792969,114.20111846923828,531.5232543945312,215.99000549316406
2024-07-25,215.8208465576172,179.85000610351562,412.8184509277344,112.2319564819336,528.7537841796875,220.25
2024-07-26,216.2872314453125,182.5,419.5967712402344,113.01163482666016,534.6756591796875,219.8000030517578
2024-07-29,216.56507873535156,183.1999969482422,421.0373229980469,111.54225158691406,534.9899291992188,232.10000610351562
2024-07-30,217.12078857421875,181.7100067138672,417.2781677246094,103.68561553955078,532.279541015625,222.6199951171875
2024-07-31,220.37562561035156,186.97999572753906,412.7691345214844,116.96992492675781,540.9314575195312,232.07000732421875
2024-08-01,216.68417358398438,184.07000732421875,411.5456848144531,109.16327667236328,533.2713623046875,216.86000061035156
2024-08-02,218.17263793945312,167.89999389648438,403.0406188964844,107.22409057617188,523.3425903320312,207.6699981689453
2024-08-05,207.66392517089844,161.02000427246094,389.87860107421875,100.40702819824219,508.1010437011719,198.8800048828125
2024-08-06,205.63958740234375,161.92999267578125,394.2790832519531,104.20539855957031,512.785400390625,200.63999938964844
2024-08-07,208.209716796875,162.77000427246094,393.1148376464844,98.86768341064453,509.35809326171875,191.75999450683594
2024-08-08,211.67291259765625,165.8000030517578,397.31805419921875,104.92508697509766,521.1329956054688,198.83999633789062
2024-08-09,214.58042907714844,166.94000244140625,400.60357666015625,104.70519256591797,523.4310302734375,200.0
2024-08-12,216.1103973388672,166.8000030517578,401.383056640625,108.97335052490234,523.7060546875,197.49000549316406
2024-08-13,219.8259735107422,170.22999572753906,408.48699951171875,116.0903091430664,532.3187255859375,207.8300018310547
2024-08-14,220.27304077148438,170.10000610351562,411.2989807128906,118.02948760986328,533.9981079101562,201.3800048828125
2024-08-15,223.2534637451172,177.58999633789062,416.162109375,122.80743408203125,543.1509399414062,214.13999938964844
2024-08-16,224.5747833251953,177.05999755859375,413.6317138671875,124.52669525146484,544.3687133789062,216.1199951171875
2024-08-19,224.41583251953125,178.22000122070312,416.6563415527344,129.94439697265625,549.5736083984375,222.72000122070312
2024-08-20,225.03176879882812,178.8800048828125,419.8885192871094,127.19557189941406,548.679931640625,221.10000610351562
2024-08-21,224.9224853515625,180.11000061035156,419.2361755371094,128.4450225830078,550.5655517578125,223.27000427246094
2024-08-22,223.06472778320312,176.1300048828125,410.7454528808594,123.68705749511719,546.2444458007812,210.66000366210938
2024-08-23,225.35963439941406,177.0399932861328,411.9711608886719,129.3146514892578,552.0484008789062,220.32000732421875
2024-08-26,225.69740295410156,175.5,408.70928955078125,126.40589141845703,550.7324829101562,213.2100067138672
2024-08-27,226.54185485839844,173.1199951171875,409.05523681640625,128.2451171875,551.4887084960938,209.2100067138672
2024-08-28,225.0119171142578,170.8000030517578,405.85272216796875,125.55626678466797,548.287109375,205.75
2024-08-29,228.29037475585938,172.1199951171875,408.34356689453125,117.53968811035156,548.336181640625,206.27999877929688
2024-08-30,227.5055389404297,178.5,412.3171081542969,119.31893920898438,553.5706787109375,214.11000061035156
2024-09-03,221.31619262695312,176.25,404.7060852050781,107.95379638671875,542.1787109375,210.60000610351562
2024-09-04,219.40872192382812,173.3300018310547,404.1723327636719,106.16455841064453,541.0689697265625,219.41000366210938
2024-09-05,220.92874145507812,177.88999938964844,403.6682434082031,107.16413116455078,539.7529296875,230.1699981689453
2024-09-06,219.37892150878906,171.38999938964844,397.0556335449219,102.78600311279297,530.6688232421875,210.72999572753906
2024-09-09,219.4683380126953,175.39999389648438,401.02911376953125,106.4244384765625,536.6104125976562,216.27000427246094
2024-09-10,218.6735382080078,179.5500030517578,409.4111022949219,108.05374145507812,538.9476928710938,226.1699981689453
2024-09-11,221.2069091796875,184.52000427246094,418.1488952636719,116.85997772216797,544.4766845703125,228.1300048828125
2024-09-12,221.31619262695312,187.0,422.0631103515625,119.0992202758789,549.06298828125,229.80999755859375
2024-09-13,221.0479278564453,186.49000549316406,425.611572265625,119.0592269897461,551.9306030273438,230.2899932861328
2024-09-16,214.90829467773438,184.88999938964844,426.3529052734375,116.74002075195312,552.7457275390625,226.77999877929688
2024-09-17,215.3751983642578,186.8800048828125,430.1188659667969,115.55043029785156,552.9715576171875,227.8699951171875
2024-09-18,219.249755859375,186.42999267578125,425.8290100097656,113.33119201660156,551.33154296875,227.1999969482422
2024-09-19,227.37637329101562,189.8699951171875,433.617919921875,117.82964324951172,560.7396240234375,243.9199981689453
2024-09-20,226.71075439453125,191.60000610351562,430.23748779296875,115.96028900146484,559.7704467773438,238.25
2024-09-23,224.99205017089844,193.8800048828125,428.4978332519531,116.22020721435547,561.1691284179688,250.0
2024-09-24,225.8861846923828,193.9600067138672,424.2079772949219,120.82862091064453,562.77490234375,254.27000427246094
2024-09-25,224.89268493652344,192.52999877929688,427.1139831542969,123.46772003173828,561.53369140625,257.0199890136719
2024-09-26,226.0352020263672,191.16000366210938,426.3232421875,123.9975357055664,563.760009765625,254.22000122070312
2024-09-27,226.30343627929688,187.97000122070312,423.0712890625,121.35844421386719,562.9423217773438,260.4599914550781
2024-09-30,231.4794464111328,186.3300018310547,425.324951171875,121.39842987060547,565.1981811523438,261.6300048828125
2024-10-01,224.73374938964844,185.1300048828125,415.8260498046875,116.9599380493164,560.1348876953125,258.0199890136719
2024-10-02,225.30001831054688,184.75999450683594,412.3072204589844,118.80931854248047,560.3712158203125,249.02000427246094
2024-10-03,224.19725036621094,181.9600067138672,411.7239990234375,122.80794525146484,559.3468627929688,240.66000366210938
2024-10-04,225.3199005126953,186.50999450683594,411.2496032714844,124.87724304199219,564.4298095703125,250.0800018310547
2024-10-07,220.2432403564453,180.8000030517578,404.8049621582031,127.67628479003906,559.3270874023438,240.8300018310547
2024-10-08,224.296630859375,182.72000122070312,409.91522216796875,132.84449768066406,564.616943359375,244.5
2024-10-09,228.0419921875,185.1699981689453,412.6333923339844,132.60458374023438,568.5277709960938,241.0500030517578
2024-10-10,227.54527282714844,186.64999389648438,411.0321044921875,134.76385498046875,567.5328369140625,238.77000427246094
2024-10-11,226.06500244140625,188.82000732421875,411.506591796875,134.7538604736328,570.9312744140625,217.8000030517578
2024-10-14,229.79052734375,187.5399932861328,414.2939453125,138.0227508544922,575.6006469726562,219.16000366210938
2024-10-15,232.3238983154297,187.69000244140625,413.8985595703125,131.55496215820312,571.1283569335938,219.57000732421875
2024-10-16,230.26739501953125,186.88999938964844,411.3088684082031,135.6735382080078,573.6107177734375,221.3300018310547
2024-10-17,230.6349639892578,187.52999877929688,411.90191650390625,136.8831329345703,573.6599731445312,220.88999938964844
2024-10-18,233.4663848876953,188.99000549316406,413.3252868652344,137.9527587890625,575.8666381835938,220.6999969482422
2024-10-21,234.9367218017578,189.07000732421875,413.9381103515625,143.6608123779297,574.9208984375,218.85000610351562
2024-10-22,234.32077026367188,189.6999969482422,422.56719970703125,143.5408477783203,574.615478515625,217.97000122070312
2024-10-23,229.25404357910156,184.7100067138672,419.6908264160156,139.51222229003906,569.3650512695312,213.64999389648438
2024-10-24,229.0653076171875,186.3800048828125,419.8193359375,140.3619384765625,570.596435546875,260.4800109863281
2024-10-25,229.8998260498047,187.8300018310547,423.19976806640625,141.49154663085938,570.3992919921875,269.19000244140625
2024-10-28,231.87681579589844,188.38999938964844,421.6578063964844,140.47189331054688,572.1627197265625,262.510009765625
2024-10-29,232.14505004882812,190.8300018310547,426.95587158203125,141.20164489746094,573.0887451171875,259.5199890136719
2024-10-30,228.59837341308594,192.72999572753906,427.52911376953125,139.29229736328125,571.35498046875,257.54998779296875
2024-10-31,224.43569946289062,186.39999389648438,401.6518859863281,132.7145538330078,560.1546020507812,249.85000610351562
2024-11-01,221.4552764892578,197.92999267578125,405.6253662109375,135.35365295410156,562.5187377929688,248.97999572753906
2024-11-04,220.56114196777344,195.77999877929688,403.7374267578125,136.00343322753906,561.30712890625,242.83999633789062
2024-11-05,221.9917449951172,199.5,406.7027282714844,139.8621063232422,568.0943603515625,251.44000244140625
2024-11-06,221.26651000976562,207.08999633789062,415.3219299316406,145.56015014648438,582.2203369140625,288.5299987792969
2024-11-07,225.99545288085938,210.0500030517578,420.51123046875,148.8290557861328,586.7220458984375,296.9100036621094
2024-11-08,225.72694396972656,208.17999267578125,417.6546630859375,147.57943725585938,589.2636108398438,321.2200012207031
2024-11-11,223.01174926757812,206.83999633789062,413.1770935058594,145.21026611328125,589.8251953125,350.0
2024-11-12,223.01174926757812,208.91000366210938,418.13897705078125,148.2392120361328,587.9928588867188,328.489990234375
2024-11-13,223.89691162109375,214.10000610351562,420.2839050292969,146.2199249267578,588.278564453125,330.239990234375
2024-11-14,226.98008728027344,211.47999572753906,421.9543762207031,146.7097625732422,584.4957885742188,311.17999267578125
2024-11-15,223.77757263183594,202.61000061035156,410.2018127441406,141.93138122558594,577.0092163085938,320.7200012207031
2024-11-18,226.78115844726562,201.6999969482422,410.9530944824219,140.1020050048828,579.3734741210938,338.739990234375
2024-11-19,227.0397491455078,204.61000061035156,412.9595642089844,146.9596710205078,581.4912719726562,346.0
2024-11-20,227.75582885742188,202.8800048828125,410.6861572265625,145.84005737304688,581.6884155273438,342.0299987792969
2024-11-21,227.27845764160156,198.3800048828125,408.913330078125,146.6197967529297,584.8110961914062,339.6400146484375
2024-11-22,228.62112426757812,197.1199951171875,413.0036926269531,141.90139770507812,586.6235961914062,352.55999755859375
2024-11-25,231.6048126220703,201.4499969482422,414.7765808105469,135.9734344482422,588.6134643554688,338.5899963378906
2024-11-26,233.7829132080078,207.86000061035156,423.8883972167969,136.87313842773438,591.6869506835938,338.2300109863281
2024-11-27,233.65362548828125,205.74000549316406,418.93634033203125,135.2936553955078,589.8939819335938,332.8900146484375
2024-11-29,236.04058837890625,207.88999938964844,419.40179443359375,138.2026824951172,593.5584716796875,345.1600036621094
2024-12-02,238.28829956054688,210.7100067138672,426.84979248046875,138.58255004882812,594.6224365234375,357.0899963378906
2024-12-03,241.33168029785156,213.44000244140625,427.06768798828125,140.2119903564453,594.8983154296875,351.4200134277344
2024-12-04,241.68971252441406,218.16000366210938,433.2280578613281,145.09033203125,598.59228515625,357.92999267578125
2024-12-05,241.7195587158203,220.5500030517578,438.37823486328125,145.0203399658203,597.6072387695312,369.489990234375
2024-12-06,241.52064514160156,227.02999877929688,439.3191223144531,142.40106201171875,598.7401123046875,389.2200012207031
2024-12-09,245.40940856933594,226.08999633789062,441.7456359863281,138.77203369140625,595.6567993164062,389.7900085449219
2024-12-10,246.42385864257812,225.0399932861328,439.0813903808594,135.03306579589844,593.8048095703125,400.989990234375
2024-12-11,245.1508026123047,230.25999450683594,444.6871643066406,139.2718963623047,598.3953247070312,424.7699890136719
2024-12-12,246.6128387451172,228.97000122070312,445.2516784667969,137.30242919921875,595.3120727539062,418.1000061035156
2024-12-13,246.7819061279297,227.4600067138672,442.9836120605469,134.21328735351562,595.1937866210938,436.2300109863281
2024-12-16,249.67608642578125,232.92999267578125,447.2622375488281,131.96389770507812,597.7352294921875,463.0199890136719
2024-12-17,252.1028289794922,231.14999389648438,450.1047668457031,130.35433959960938,595.2725830078125,479.8599853515625
2024-12-18,246.7023468017578,220.52000427246094,433.1983337402344,128.874755859375,577.5313720703125,440.1300048828125
2024-12-19,248.43287658691406,223.2899932861328,432.8417663574219,130.6442413330078,577.35400390625,436.1700134277344
2024-12-20,253.10736083984375,224.9199981689453,432.4158935546875,134.6631622314453,584.2886352539062,421.05999755859375
2024-12-23,253.8831024169922,225.05999755859375,431.078857421875,139.6317901611328,587.7875366210938,430.6000061035156
2024-12-24,256.7972106933594,229.0500030517578,435.1197509765625,140.18165588378906,594.32080078125,462.2799987792969
2024-12-26,257.61273193359375,227.0500030517578,433.91143798828125,139.89173889160156,594.3603515625,454.1300048828125
2024-12-27,254.2013702392578,223.75,426.4040832519531,136.9725341796875,588.103759765625,431.6600036621094
2024-12-30,250.8297882080078,221.3000030517578,420.7586975097656,137.452392578125,581.392578125,417.4100036621094
2024-12-31,249.05946350097656,219.38999938964844,417.4606018066406,134.25328063964844,579.2774047851562,403.8399963378906
2025-01-02,242.52516174316406,220.22000122070312,414.568603515625,138.27218627929688,577.8541870117188,379.2799987792969
2025-01-03,242.03781127929688,224.19000244140625,419.29290771484375,144.4304962158203,585.0792846679688,410.44000244140625
2025-01-06,243.66891479492188,227.61000061035156,423.749755859375,149.38912963867188,588.4497680664062,411.04998779296875
2025-01-07,240.8940887451172,222.11000061035156,418.322265625,140.10166931152344,581.7979125976562,394.3599853515625
2025-01-08,241.38140869140625,222.1300048828125,420.4913024902344,140.07168579101562,582.6478271484375,394.94000244140625
2025-01-10,235.56317138671875,218.94000244140625,414.9350280761719,135.8728485107422,573.7522583007812,394.739990234375
2025-01-13,233.12649536132812,218.4600067138672,413.1919250488281,133.19357299804688,574.6419067382812,403.30999755859375
2025-01-14,232.01258850097656,217.75999450683594,411.68646240234375,131.7239532470703,575.4326171875,396.3599853515625
2025-01-15,236.57765197753906,223.35000610351562,422.22454833984375,136.2027587890625,585.8997802734375,428.2200012207031
2025-01-16,227.0198516845703,220.66000366210938,420.51104736328125,133.53347778320312,584.77294921875,413.82000732421875
2025-01-17,228.7305145263672,225.94000244140625,424.91845703125,137.67234802246094,590.64404296875,426.5
2025-01-21,221.43040466308594,230.7100067138672,424.3935546875,140.79148864746094,596.0504150390625,424.07000732421875
2025-01-22,222.61392211914062,235.00999450683594,441.9239196777344,147.02980041503906,599.401123046875,415.1099853515625
2025-01-23,222.44485473632812,235.4199981689453,442.42901611328125,147.17974853515625,602.6727905273438,412.3800048828125
2025-01-24,221.5696258544922,234.85000610351562,439.804443359375,142.5810089111328,600.913330078125,406.5799865722656
2025-01-27,228.6111602783203,235.4199981689453,430.3954772949219,118.38761901855469,592.4131469726562,397.1499938964844
2025-01-28,236.9655303955078,238.14999389648438,442.914306640625,128.95472717285156,597.50341796875,398.0899963378906
2025-01-29,238.05953979492188,237.07000732421875,438.0909729003906,123.66616821289062,594.8248901367188,389.1000061035156
2025-01-30,236.29916381835938,234.63999938964844,411.0130310058594,124.61592864990234,598.017333984375,400.2799987792969
2025-01-31,234.71778869628906,237.67999267578125,411.08233642578125,120.03717041015625,594.834716796875,404.6000061035156
2025-02-03,226.77122497558594,237.4199981689453,406.9820556640625,116.62810516357422,590.8317260742188,383.67999267578125
2025-02-04,231.53518676757812,242.05999755859375,408.4180603027344,118.6175537109375,594.7952270507812,392.2099914550781
2025-02-05,231.2069854736328,236.1699981689453,409.32928466796875,124.79586029052734,597.2068481445312,378.1700134277344
2025-02-06,231.95291137695312,238.8300018310547,411.83502197265625,128.64480590820312,599.2825317382812,374.32000732421875
2025-02-07,226.39328002929688,229.14999389648438,405.8232116699219,129.8044891357422,593.7969360351562,361.6199951171875
2025-02-10,226.662109375,233.13999938964844,408.2695617675781,133.53347778320312,597.8295288085938,350.7300109863281
2025-02-11,231.61053466796875,232.75999450683594,407.4970397949219,132.76370239257812,598.2842407226562,328.5
2025-02-12,235.84210205078125,228.92999267578125,405.1199951171875,131.10414123535156,596.3568115234375,336.510009765625
2025-02-13,240.4818878173828,230.3699951171875,406.60565185546875,135.25299072265625,602.6530151367188,355.94000244140625
2025-02-14,243.53855895996094,228.67999267578125,404.5158996582031,138.81202697753906,602.623291015625,355.8399963378906
2025-02-18,243.4091033935547,226.64999389648438,405.7142639160156,139.36187744140625,604.3924560546875,354.1099853515625
2025-02-19,243.807373046875,226.6300048828125,410.7950744628906,139.19192504882812,605.8157958984375,360.55999755859375
2025-02-20,244.76321411132812,222.8800048828125,412.9684753417969,140.07168579101562,603.29541015625,354.3999938964844
2025-02-21,244.48443603515625,216.5800018310547,405.108642578125,134.3932342529297,592.9765625,337.79998779296875
2025-02-24,246.0277099609375,212.7100067138672,400.9306335449219,130.244384765625,590.2782592773438,330.5299987792969
2025-02-25,245.96795654296875,212.8000030517578,394.8769836425781,126.59537506103516,587.3427124023438,302.79998779296875
2025-02-26,239.31695556640625,214.35000610351562,396.6930847167969,131.24411010742188,587.6392822265625,290.79998779296875
2025-02-27,236.27024841308594,208.74000549316406,389.5477600097656,120.11714935302734,578.2593994140625,281.95001220703125
2025-02-28,240.79052734375,212.27999877929688,393.973876953125,124.8858413696289,587.283447265625,292.9800109863281
2025-03-03,236.9970703125,205.02000427246094,385.5384521484375,114.02880859375,576.9942626953125,284.6499938964844
2025-03-04,234.9061737060547,203.8000030517578,385.65753173828125,115.95828247070312,570.1644897460938,272.0400085449219
2025-03-05,234.7169952392578,208.36000061035156,397.9732360839844,117.2679214477539,576.29248046875,279.1000061035156
2025-03-06,234.30877685546875,200.6999969482422,393.8746643066406,110.53976440429688,566.0626831054688,263.45001220703125
2025-03-07,238.03256225585938,199.25,390.32183837890625,112.65918731689453,569.2354125976562,262.6700134277344
2025-03-10,226.4928436279297,194.5399932861328,377.2717590332031,106.95074462890625,554.073486328125,222.14999389648438
2025-03-11,219.88165283203125,196.58999633789062,377.5595397949219,108.73025512695312,549.467529296875,230.5800018310547
2025-03-12,216.03842163085938,198.88999938964844,380.3581237792969,115.71900177001953,552.3832397460938,248.08999633789062
2025-03-13,208.77008056640625,193.88999938964844,375.892333984375,115.55902862548828,545.0197143554688,240.67999267578125
2025-03-14,212.5635528564453,197.9499969482422,385.60791015625,121.64791870117188,556.2775268554688,249.97999572753906
2025-03-17,213.07135009765625,195.74000549316406,385.74688720703125,119.50830841064453,560.5671997070312,238.00999450683594
2025-03-18,211.76702880859375,192.82000732421875,380.606201171875,115.40904998779297,554.5083618164062,225.30999755859375
2025-03-19,214.30596923828125,195.5399932861328,384.8735656738281,117.49866485595703,560.5474243164062,235.86000061035156
2025-03-20,213.17091369628906,194.9499969482422,383.9010009765625,118.50848388671875,558.926513671875,236.25999450683594
2025-03-21,217.3228302001953,196.2100067138672,388.2874450683594,117.67863464355469,559.11083984375,248.7100067138672
2025-03-24,219.77215576171875,203.25999450683594,390.0935974121094,121.38796997070312,569.1236572265625,278.3900146484375
2025-03-25,222.77903747558594,205.7100067138672,392.1578063964844,120.66809844970703,570.4917602539062,288.1400146484375
2025-03-26,220.56866455078125,201.1300048828125,387.0072326660156,113.7393569946289,563.6810302734375,272.05999755859375
2025-03-27,222.8786163330078,201.36000061035156,387.612548828125,111.40977478027344,562.18408203125,273.1300048828125
2025-03-28,216.95440673828125,192.72000122070312,375.9220886230469,109.65009307861328,550.8626708984375,263.54998779296875
2025-03-31,221.16607666015625,190.25999450683594,372.5379943847656,108.3603286743164,554.5604858398438,259.1600036621094
2025-04-01,222.22146606445312,192.1699981689453,379.2863464355469,110.13001251220703,556.1267700195312,268.4599914550781
2025-04-02,222.9184112548828,196.00999450683594,379.2366943359375,110.39995574951172,559.646240234375,282.760009765625
2025-04-03,202.30824279785156,178.41000366210938,370.2752990722656,101.78153228759766,532.0663452148438,267.2799987792969
2025-04-04,187.56253051757812,171.0,357.10614013671875,94.29288482666016,500.9176330566406,239.42999267578125
2025-04-07,180.6725616455078,175.25999450683594,355.14117431640625,97.62227630615234,500.025390625,233.2899932861328
2025-04-08,171.67178344726562,170.66000366210938,351.8662414550781,96.28252410888672,492.1936340332031,221.86000061035156
2025-04-09,197.98709106445312,191.10000610351562,387.52325439453125,114.30924987792969,543.8834838867188,272.20001220703125
2025-04-10,189.5936737060547,181.22000122070312,378.4527282714844,107.55047607421875,520.051025390625,252.39999389648438
2025-04-11,197.2901153564453,184.8699951171875,385.498779296875,110.90986633300781,529.3301391601562,252.30999755859375
2025-04-14,201.6411590576172,182.1199951171875,384.8636169433594,110.68990325927734,534.4654541015625,252.35000610351562
2025-04-15,201.26280212402344,179.58999633789062,382.7994384765625,112.17963409423828,532.9684448242188,254.11000061035156
2025-04-16,193.42697143554688,174.3300018310547,368.78668212890625,104.47103881835938,521.1216430664062,241.5500030517578
2025-04-17,196.12521362304688,172.61000061035156,364.9858093261719,101.4715805053711,521.8651733398438,241.3699951171875
2025-04-21,192.32179260253906,167.32000732421875,356.3916015625,96.89241790771484,509.443359375,227.5
2025-04-22,198.8732452392578,173.17999267578125,364.0330810546875,98.87205505371094,522.697998046875,237.97000122070312
2025-04-23,203.71214294433594,180.60000610351562,371.5456237792969,102.69136047363281,530.79736328125,250.74000549316406
2025-04-24,207.46575927734375,186.5399932861328,384.3575134277344,106.41067504882812,541.9701538085938,259.510009765625
2025-04-25,208.371826171875,188.99000549316406,388.8729248046875,110.98986053466797,545.8860473632812,284.95001220703125
2025-04-28,209.2281036376953,187.6999969482422,388.1882019042969,108.71026611328125,546.0941772460938,285.8800048828125
2025-04-29,210.29344177246094,187.38999938964844,391.0462951660156,109.00021362304688,549.5342407226562,292.0299987792969
2025-04-30,211.57785034179688,184.4199981689453,392.2570495605469,108.90023040771484,549.7523803710938,282.1600036621094
2025-05-01,212.39431762695312,190.1999969482422,422.16802978515625,111.5897445678711,553.6483764648438,280.5199890136719
2025-05-02,204.45889282226562,189.97999572753906,431.9729919433594,114.4792251586914,561.8668212890625,287.2099914550781
2025-05-05,198.02691650390625,186.35000610351562,432.85626220703125,113.79934692382812,558.6448364257812,280.260009765625
2025-05-06,197.6485595703125,185.00999450683594,430.0179443359375,113.51940155029297,553.9755249023438,275.3500061035156
2025-05-07,195.39837646484375,188.7100067138672,430.0576477050781,117.03875732421875,556.3052978515625,276.2200012207031
2025-05-08,196.63299560546875,192.0800018310547,434.8410339355469,117.34870910644531,560.1815185546875,284.82000732421875
2025-05-09,197.66847229003906,193.05999755859375,435.3967590332031,116.62882995605469,559.4677124023438,298.260009765625
2025-05-12,210.15049743652344,208.63999938964844,445.8468017578125,122.9776840209961,577.9567260742188,318.3800048828125
2025-05-13,212.28399658203125,211.3699951171875,445.72772216796875,129.9064178466797,581.7735595703125,334.07000732421875
2025-05-14,211.68580627441406,210.25,449.4988098144531,135.3154296875,582.51708984375,347.67999267578125
2025-05-15,210.80848693847656,205.1699981689453,450.512939453125,134.80552673339844,585.3622436523438,342.82000732421875
2025-05-16,210.6190643310547,205.58999633789062,451.6463317871094,135.37542724609375,589.0698852539062,349.9800109863281
2025-05-19,208.14659118652344,206.16000366210938,456.2197570800781,135.54539489746094,589.7142944335938,342.0899963378906
2025-05-20,206.232421875,204.07000732421875,455.5238342285156,134.35562133789062,587.7315673828125,343.82000732421875
2025-05-21,201.47689819335938,201.1199951171875,449.9561767578125,131.7760772705078,577.827880859375,334.6199951171875
2025-05-22,200.74911499023438,203.10000610351562,452.23291015625,132.80589294433594,578.0558471679688,341.0400085449219
2025-05-23,194.67758178710938,200.99000549316406,447.5799560546875,131.26617431640625,574.1102294921875,339.3399963378906
2025-05-27,199.60260009765625,206.02000427246094,458.0292663574219,135.47540283203125,586.0463256835938,362.8900146484375
2025-05-28,199.81195068359375,204.72000122070312,454.7184753417969,134.78553771972656,582.6558227539062,356.8999938964844
2025-05-29,199.34336853027344,205.6999969482422,456.0308837890625,139.1647491455078,584.9557495117188,358.42999267578125
2025-05-30,200.24066162109375,205.00999450683594,457.7011413574219,135.10548400878906,584.301513671875,346.4599914550781
2025-06-02,201.08807373046875,206.64999389648438,459.3018493652344,137.35507202148438,587.5928344726562,342.69000244140625
2025-06-03,202.6533203125,205.7100067138672,460.2961120605469,141.19436645507812,590.9436645507812,344.2699890136719
2025-06-04,202.20468139648438,207.22999572753906,461.19091796875,141.8942413330078,590.7849731445312,332.04998779296875
2025-06-05,200.0213165283203,207.91000366210938,464.9788818359375,139.964599609375,587.9298095703125,284.70001220703125
2025-06-06,203.3013458251953,213.57000732421875,467.6632995605469,141.69427490234375,593.96728515625,295.1400146484375
2025-06-09,200.8388214111328,216.97999572753906,470.0196228027344,142.6041259765625,594.5026245117188,308.5799865722656
2025-06-10,202.0551300048828,217.61000061035156,468.2001647949219,143.9338836669922,597.8732299804688,326.0899963378906
2025-06-11,198.1769256591797,213.1999969482422,469.890380859375,142.81399536132812,596.1681518554688,326.42999267578125
2025-06-12,198.5956573486328,213.24000549316406,476.104248046875,144.98374938964844,598.5374755859375,319.1099853515625
2025-06-13,195.85398864746094,212.10000610351562,472.21685791015625,141.95408630371094,591.8457641601562,325.30999755859375
2025-06-16,197.81802368164062,216.10000610351562,476.3727111816406,144.6737823486328,597.4766845703125,329.1300048828125
2025-06-17,195.0464630126953,214.82000732421875,475.279052734375,144.1038360595703,592.3712158203125,316.3500061035156
2025-06-18,195.9835968017578,212.52000427246094,477.4663391113281,145.46368408203125,592.281982421875,322.04998779296875
2025-06-20,200.3902130126953,209.69000244140625,474.64276123046875,143.83387756347656,590.8909301757812,322.1600036621094
2025-06-23,200.888671875,208.47000122070312,483.19305419921875,144.15383911132812,596.7274780273438,348.67999267578125
2025-06-24,199.6923065185547,212.77000427246094,487.279296875,147.88340759277344,603.3196411132812,340.4700012207031
2025-06-25,200.948486328125,211.99000549316406,489.4268493652344,154.29270935058594,603.65771484375,327.54998779296875
2025-06-26,200.3902130126953,217.1199951171875,494.57696533203125,155.00262451171875,608.380615234375,325.7799987792969
2025-06-27,200.469970703125,223.3000030517578,493.0756530761719,157.73231506347656,611.4032592773438,323.6300048828125
2025-06-30,204.5475311279297,219.38999938964844,494.53717041015625,157.97230529785156,614.3265380859375,317.6600036621094
2025-07-01,207.18951416015625,220.4600067138672,489.2081298828125,153.2828369140625,614.127685546875,300.7099914550781
2025-07-02,211.7954864501953,219.9199981689453,488.253662109375,157.2323760986328,616.9116821289062,315.6499938964844
2025-07-03,212.90213012695312,223.41000366210938,495.95892333984375,159.3221435546875,621.7738037109375,315.3500061035156
2025-07-07,209.3130340576172,223.47000122070312,494.8454284667969,158.22227478027344,617.140380859375,293.94000244140625
2025-07-08,209.3728485107422,219.36000061035156,493.75177001953125,159.98207092285156,616.8023681640625,297.80999755859375
2025-07-09,210.4994354248047,222.5399932861328,500.60198974609375,162.86175537109375,620.5010986328125,295.8800048828125
2025-07-10,211.7655792236328,222.25999450683594,498.58367919921875,164.0816192626953,622.2510986328125,309.8699951171875
2025-07-11,210.5193634033203,225.02000427246094,500.4130859375,164.90151977539062,620.0635986328125,313.510009765625
2025-07-14,207.98707580566406,225.69000244140625,500.1147766113281,164.05162048339844,621.2467651367188,316.8999938964844
2025-07-15,208.4755859375,226.35000610351562,502.89862060546875,170.6808624267578,618.592041015625,310.7799987792969
2025-07-16,209.52239990234375,223.19000244140625,502.69976806640625,171.35079956054688,620.66015625,321.6700134277344
2025-07-17,209.38284301757812,223.8800048828125,508.7446594238281,172.98062133789062,624.4583740234375,319.4100036621094
2025-07-18,210.539306640625,226.1300048828125,507.1041564941406,172.39068603515625,624.0010375976562,329.6499938964844
2025-07-21,211.83535766601562,229.3000030517578,507.1141357421875,171.36080932617188,625.1842651367188,328.489990234375
2025-07-22,213.74954223632812,227.47000122070312,502.35174560546875,167.01129150390625,625.2737426757812,332.1099853515625
2025-07-23,213.5002899169922,228.2899932861328,502.94830322265625,170.7608642578125,630.59326171875,332.55999755859375
2025-07-24,213.11148071289062,232.22999572753906,507.9294128417969,173.7205352783203,630.802001953125,305.29998779296875
2025-07-25,213.2311248779297,231.44000244140625,510.7430419921875,173.48056030273438,633.4667358398438,316.05999755859375
2025-07-28,213.40060424804688,232.7899932861328,509.5400390625,176.73019409179688,633.3076782226562,325.5899963378906
2025-07-29,210.6290283203125,231.00999450683594,509.609619140625,175.49032592773438,631.63720703125,321.20001220703125
2025-07-30,208.415771484375,230.19000244140625,510.2757873535156,179.2499237060547,630.841796875,319.0400085449219
2025-07-31,206.9402618408203,234.11000061035156,530.4187622070312,177.85006713867188,628.4754028320312,308.2699890136719
2025-08-01,201.76600646972656,214.75,521.0829467773438,173.70053100585938,618.1743774414062,302.6300048828125
2025-08-04,202.7330780029297,211.64999389648438,532.54638671875,179.97982788085938,627.5704956054688,309.260009765625
2025-08-05,202.3043670654297,213.75,524.7019653320312,178.24002075195312,624.3887329101562,308.7200012207031
2025-08-06,212.60302734375,222.30999755859375,521.908203125,179.39988708496094,629.17138671875,319.9100036621094
2025-08-07,219.36245727539062,223.1300048828125,517.8319091796875,180.749755859375,628.6443481445312,322.2699890136719
2025-08-08,228.65419006347656,222.69000244140625,519.02490234375,182.6795196533203,633.5462646484375,329.6499938964844
2025-08-11,226.74781799316406,221.3000030517578,518.7564697265625,182.0395965576172,632.29345703125,339.0299987792969
2025-08-12,229.21310424804688,221.47000122070312,526.183349609375,183.1394805908203,639.02490234375,340.8399963378906
2025-08-13,232.88612365722656,224.55999755859375,517.5734252929688,181.5696563720703,641.2123413085938,339.3800048828125
2025-08-14,232.33717346191406,230.97999572753906,519.46240234375,181.99960327148438,641.27197265625,335.5799865722656
2025-08-15,231.1494140625,231.02999877929688,517.1657104492188,180.42977905273438,639.7706298828125,330.55999755859375
2025-08-18,230.45074462890625,231.49000549316406,514.1134643554688,181.98959350585938,639.63134765625,335.1600036621094
2025-08-19,230.1213836669922,228.00999450683594,506.8257751464844,175.6203155517578,636.1612548828125,329.30999755859375
2025-08-20,225.5800323486328,223.80999755859375,502.7991943359375,175.38034057617188,634.470947265625,323.8999938964844
2025-08-21,224.47213745117188,221.9499969482422,502.15185546875,174.96038818359375,631.925537109375,320.1099853515625
2025-08-22,227.3267059326172,228.83999633789062,505.1295166015625,177.97006225585938,641.6299438476562,340.010009765625
2025-08-25,226.7278594970703,227.94000244140625,502.17181396484375,179.78985595703125,638.8060302734375,346.6000061035156
2025-08-26,228.87376403808594,228.7100067138672,499.96099853515625,181.7496337890625,641.4807739257812,351.6700134277344
2025-08-27,230.05152893066406,229.1199951171875,504.64154052734375,181.57965087890625,642.9423828125,349.6000061035156
2025-08-28,232.11758422851562,231.60000610351562,507.529541015625,180.14981079101562,645.2192993164062,345.9800109863281
2025-08-29,231.69837951660156,229.0,504.59173583984375,174.1604766845703,641.3713989257812,333.8699951171875
2025-09-02,229.28298950195312,225.33999633789062,503.0282287597656,170.7608642578125,636.61865234375,329.3599853515625
2025-09-03,238.01634216308594,225.99000549316406,503.2572937011719,170.60089111328125,640.06884765625,334.0899963378906
2025-09-04,239.3238525390625,235.67999267578125,505.866455078125,171.64077758789062,645.4181518554688,338.5299987792969
2025-09-05,239.2340087890625,232.3300018310547,492.9501647949219,167.0012969970703,643.5488891601562,350.8399963378906
2025-09-08,237.42745971679688,235.83999633789062,496.13690185546875,168.2911376953125,645.1298217773438,346.3999938964844
2025-09-09,233.9041748046875,238.24000549316406,496.34600830078125,170.74085998535156,646.6212768554688,346.9700012207031
2025-09-10,226.35855102539062,230.3300018310547,498.29791259765625,177.3101348876953,648.4906005859375,347.7900085449219
2025-09-11,229.59239196777344,229.9499969482422,498.9352722167969,177.16014099121094,653.8796997070312,368.80999755859375
2025-09-12,233.62472534179688,228.14999389648438,507.7884521484375,177.8101043701172,653.660888671875,395.94000244140625
2025-09-15,236.24969482421875,231.42999267578125,513.225830078125,177.74009704589844,657.1409301757812,410.0400085449219
2025-09-16,237.6969451904297,234.0500030517578,506.9320068359375,174.87026977539062,656.2361450195312,421.6199951171875
2025-09-17,238.5353546142578,231.6199951171875,507.9079284667969,170.280517578125,655.4208374023438,425.8599853515625
2025-09-18,237.42745971679688,231.22999572753906,506.3444519042969,176.23019409179688,658.4832763671875,416.8500061035156
2025-09-19,245.032958984375,231.47999572753906,515.7852172851562,176.66015625,661.74462890625,426.07000732421875
2025-09-22,255.5928192138672,227.6300048828125,512.3196411132812,183.5997772216797,664.8753662109375,434.2099914550781
2025-09-23,253.9459686279297,220.7100067138672,507.1212463378906,178.42005920410156,661.256103515625,425.8500061035156
2025-09-24,251.8300018310547,220.2100067138672,508.0373840332031,176.96014404296875,659.1522216796875,442.7900085449219
2025-09-25,256.3813171386719,218.14999389648438,504.9303283691406,177.68011474609375,656.1112670898438,423.3900146484375
2025-09-26,254.97401428222656,219.77999877929688,509.3419494628906,178.18008422851562,659.8701782226562,440.3999938964844
2025-09-29,253.9459686279297,222.1699981689453,512.4689331054688,181.8398895263672,661.7246704101562,443.2099914550781
2025-09-30,254.14559936523438,219.57000732421875,515.8051147460938,186.56961059570312,664.21728515625,444.7200012207031
2025-10-01,254.9640350341797,220.6300048828125,517.5578002929688,187.22958374023438,666.4806518554688,459.4599914550781
2025-10-02,256.6408386230469,222.41000366210938,513.6041870117188,188.87948608398438,667.248291015625,436.0
2025-10-03,257.5291442871094,219.50999450683594,515.20751953125,187.6095428466797,667.2384033203125,429.8299865722656
2025-10-06,256.2016906738281,220.89999389648438,526.3811645507812,185.5296630859375,669.6312866210938,453.25
2025-10-07,255.99208068847656,221.77999877929688,521.8101196289062,185.02969360351562,667.1486206054688,433.0899963378906
2025-10-08,257.5690612792969,225.22000122070312,522.676513671875,189.09947204589844,671.1268920898438,438.69000244140625
2025-10-09,253.55670166015625,227.74000549316406,520.2366943359375,192.5592803955078,669.1826171875,435.5400085449219
2025-10-10,244.80340576171875,216.3699951171875,508.84405517578125,183.14981079101562,651.0960693359375,413.489990234375
2025-10-13,247.18885803222656,220.07000732421875,511.9212646484375,188.3095245361328,661.0865478515625,435.8999938964844
2025-10-14,247.29864501953125,216.38999938964844,511.4432067871094,180.0199737548828,660.2789306640625,429.239990234375
2025-10-15,248.8656463623047,215.57000732421875,511.3038330078125,179.8199920654297,663.2102661132812,435.1499938964844
2025-10-16,246.979248046875,214.47000122070312,509.4913330078125,181.7998809814453,658.6936645507812,428.75
2025-10-17,251.81002807617188,213.0399932861328,511.4532165527344,183.20980834960938,662.4326171875,439.30999755859375
2025-10-20,261.7411193847656,216.47999572753906,514.6498413085938,182.6298370361328,669.3222045898438,447.42999267578125
2025-10-21,262.2701110839844,222.02999877929688,515.5162963867188,181.14991760253906,669.3121948242188,442.6000061035156
2025-10-22,257.9583435058594,217.9499969482422,518.3843383789062,180.26995849609375,665.83251953125,438.9700012207031
2025-10-23,259.0861511230469,221.08999633789062,518.404296875,182.1498565673828,669.7808837890625,448.9800109863281
2025-10-24,262.32000732421875,224.2100067138672,521.441650390625,186.24961853027344,675.2546997070312,433.7200012207031
2025-10-27,268.2986145019531,226.97000122070312,529.3189697265625,191.47933959960938,683.2211303710938,452.4200134277344
2025-10-28,268.4882507324219,229.25,539.8251953125,201.01881408691406,685.0357666015625,460.54998779296875
2025-10-29,269.1869201660156,230.3000030517578,539.3073120117188,207.02847290039062,685.3648071289062,461.510009765625
2025-10-30,270.8836669921875,222.86000061035156,523.582763671875,202.8787078857422,677.8270874023438,440.1000061035156
2025-10-31,269.85565185546875,244.22000122070312,515.6656494140625,202.47872924804688,680.050537109375,456.55999755859375
2025-11-03,268.53814697265625,254.0,514.888916015625,206.8684844970703,681.3267822265625,468.3699951171875
2025-11-04,269.5262756347656,249.32000732421875,512.2001342773438,198.67893981933594,673.2506103515625,444.260009765625
2025-11-05,269.6260986328125,250.1999969482422,505.0597839355469,195.1991424560547,675.583740234375,462.07000732421875
2025-11-06,269.25677490234375,243.0399932861328,495.04144287109375,188.0695343017578,668.3351440429688,445.9100036621094
2025-11-07,267.9592590332031,244.41000366210938,494.7626037597656,188.1395263671875,668.9931640625,429.5199890136719
2025-11-10,269.1781311035156,248.39999389648438,503.90460205078125,199.03892517089844,679.432373046875,445.2300109863281
2025-11-11,274.99267578125,249.10000610351562,506.573486328125,193.1492462158203,680.9877319335938,439.6199951171875
2025-11-12,273.21435546875,244.1999969482422,509.0233154296875,193.78921508789062,681.3666381835938,430.6000061035156
2025-11-13,272.6948547363281,237.5800018310547,501.205810546875,186.84959411621094,670.0599975585938,401.989990234375
2025-11-14,272.15533447265625,234.69000244140625,508.0672912597656,190.15940856933594,669.9503784179688,404.3500061035156
2025-11-17,267.2099609375,232.8699951171875,505.388427734375,186.58961486816406,663.7088012695312,408.9200134277344
2025-11-18,267.19000244140625,222.5500030517578,491.74517822265625,181.3498992919922,658.1353149414062,401.25
2025-11-19,268.3089294433594,222.69000244140625,485.102783203125,186.50961303710938,660.6777954101562,403.989990234375
2025-11-20,266.0010986328125,217.13999938964844,477.3404846191406,180.62994384765625,650.6075439453125,395.2300109863281
2025-11-21,271.2361755371094,220.69000244140625,471.04486083984375,178.8700408935547,657.08837890625,391.0899963378906
2025-11-24,275.6620788574219,226.27999877929688,472.92059326171875,182.5398406982422,666.759765625,417.7799987792969
2025-11-25,276.7110900878906,229.6699981689453,475.90374755859375,177.8101043701172,673.03125,419.3999938964844
2025-11-26,277.29052734375,229.16000366210938,484.3943786621094,180.2499542236328,677.6775512695312,426.5799865722656
2025-11-28,278.5893249511719,233.22000122070312,490.88958740234375,176.99014282226562,681.3765869140625,430.1700134277344
2025-12-01,282.8353576660156,233.8800048828125,485.6315612792969,179.9099884033203,678.2658081054688,430.1400146484375
2025-12-02,285.9224548339844,234.4199981689453,488.8841552734375,181.4499053955078,679.5220947265625,429.239990234375
2025-12-03,283.8843688964844,232.3800048828125,476.64208984375,179.5800018310547,681.8751220703125,446.739990234375
2025-12-04,280.4375915527344,229.11000061035156,479.7449951171875,183.3800048828125,682.3736572265625,454.5299987792969
2025-12-05,278.5193786621094,229.52999877929688,482.0597229003906,182.41000366210938,683.6697998046875,455.0
2025-12-08,277.6302185058594,226.88999938964844,489.9018249511719,185.5500030517578,681.6159057617188,439.5799865722656
2025-12-09,276.9208679199219,227.9199981689453,490.8995361328125,184.97000122070312,681.027587890625,445.1700134277344
2025-12-10,278.5193786621094,231.77999877929688,477.4701843261719,183.77999877929688,685.5443115234375,451.45001220703125
2025-12-11,277.77008056640625,230.27999877929688,482.3690185546875,180.92999267578125,687.1395263671875,446.8900146484375
2025-12-12,278.0198669433594,226.19000244140625,477.4402770996094,175.02000427246094,679.7514038085938,458.9599914550781
2025-12-15,273.8537292480469,222.5399932861328,473.73870849609375,176.2899932861328,678.7244262695312,475.30999755859375
2025-12-16,274.353271484375,222.55999755859375,475.3051452636719,177.72000122070312,676.8699340820312,489.8800048828125
2025-12-17,271.58587646484375,221.27000427246094,475.0357360839844,170.94000244140625,669.4219360351562,467.260009765625
2025-12-18,271.935546875,226.75999450683594,482.87786865234375,174.13999938964844,674.4769287109375,483.3699951171875
2025-12-19,273.4141845703125,227.35000610351562,484.8134460449219,180.99000549316406,680.5900268554688,481.20001220703125
2025-12-22,270.7166748046875,228.42999267578125,483.81573486328125,183.69000244140625,684.8300170898438,488.7300109863281
2025-12-23,272.1053771972656,232.13999938964844,485.7413330078125,189.2100067138672,687.9600219726562,485.55999755859375
2025-12-24,273.55401611328125,232.3800048828125,486.90863037109375,188.61000061035156,690.3800048828125,485.3999938964844
2025-12-26,273.1444091796875,232.52000427246094,486.599365234375,190.52999877929688,690.3099975585938,475.19000244140625
2025-12-29,273.50408935546875,232.07000732421875,485.9907531738281,188.22000122070312,687.8499755859375,459.6400146484375
2025-12-30,272.82470703125,232.52999877929688,486.3699035644531,187.5399932861328,687.010009765625,454.42999267578125
2025-12-31,271.6058349609375,230.82000732421875,482.5186767578125,186.5,681.9199829101562,449.7200012207031
2026-01-02,270.75665283203125,226.5,471.8630065917969,188.85000610351562,683.1699829101562,438.07000732421875
2026-01-05,267.0101623535156,233.05999755859375,471.773193359375,188.1199951171875,687.719970703125,451.6700134277344
2026-01-06,262.1147155761719,240.92999267578125,477.4203186035156,187.24000549316406,691.8099975585938,432.9599914550781
2026-01-07,260.08660888671875,241.55999755859375,482.3690185546875,189.11000061035156,689.5800170898438,431.4100036621094
2026-01-08,258.7978515625,246.2899932861328,477.0212097167969,185.0399932861328,689.510009765625,435.79998779296875
2026-01-09,259.1275329589844,247.3800048828125,478.1885681152344,184.86000061035156,694.0700073242188,445.010009765625
2026-01-12,260.0067138671875,246.47000122070312,476.09332275390625,184.94000244140625,695.1599731445312,448.9599914550781
2026-01-13,260.8059387207031,242.60000610351562,469.5981750488281,185.80999755859375,693.77001953125,447.20001220703125
2026-01-14,259.71697998046875,236.64999389648438,458.3338928222656,183.13999938964844,690.3599853515625,439.20001220703125
2026-01-15,257.9685974121094,238.17999267578125,455.6200866699219,187.0500030517578,692.239990234375,438.57000732421875
2026-01-16,255.29112243652344,239.1199951171875,458.8127746582031,186.22999572753906,691.6599731445312,437.5
2026-01-20,246.46937561035156,231.0,453.48492431640625,178.07000732421875,677.5800170898438,419.25
2026-01-21,247.41848754882812,231.30999755859375,443.0986328125,183.32000732421875,685.4000244140625,431.44000244140625
2026-01-22,248.1178436279297,234.33999633789062,450.1126403808594,184.83999633789062,688.97998046875,449.3599853515625
2026-01-23,247.80812072753906,239.16000366210938,464.888916015625,187.6699981689453,689.22998046875,449.05999755859375
2026-01-26,255.17123413085938,238.4199981689453,469.20904541015625,186.47000122070312,692.72998046875,435.20001220703125
2026-01-27,258.0285339355469,244.67999267578125,479.485595703125,188.52000427246094,695.489990234375,430.8999938964844
2026-01-28,256.2002868652344,243.00999450683594,480.533203125,191.52000427246094,695.4199829101562,431.4599914550781
2026-01-29,258.0385437011719,241.72999572753906,432.5128173828125,192.50999450683594,694.0399780273438,416.55999755859375
2026-01-30,259.2374267578125,239.3000030517578,429.31011962890625,191.1300048828125,691.969970703125,430.4100036621094
2026-02-02,269.7575988769531,242.9600067138672,422.4058837890625,185.61000061035156,695.4099731445312,421.80999755859375
2026-02-03,269.22808837890625,238.6199951171875,410.2735595703125,180.33999633789062,689.530029296875,421.9599914550781
2026-02-04,276.23150634765625,232.99000549316406,413.2467956542969,174.19000244140625,686.1900024414062,406.010009765625
2026-02-05,275.6520690917969,222.69000244140625,392.7735290527344,171.8800048828125,677.6199951171875,397.2099914550781
2026-02-06,277.8599853515625,210.32000732421875,400.22650146484375,185.41000366210938,690.6199951171875,411.1099853515625
2026-02-09,274.6199951171875,208.72000122070312,412.65814208984375,190.0399932861328,693.9500122070312,417.32000732421875
2026-02-10,273.67999267578125,206.9600067138672,412.328857421875,188.5399932861328,692.1199951171875,425.2099914550781
2026-02-11,275.5,204.0800018310547,403.4491271972656,190.0500030517578,691.9600219726562,428.2699890136719
2026-02-12,261.7300109863281,199.60000610351562,400.9248962402344,186.94000244140625,681.27001953125,417.07000732421875
2026-02-13,255.77999877929688,198.7899932861328,400.4060974121094,182.80999755859375,681.75,417.44000244140625
2026-02-17,263.8800048828125,201.14999389648438,395.95623779296875,184.97000122070312,682.8499755859375,410.6300048828125
2026-02-18,264.3500061035156,204.7899932861328,398.69000244140625,187.97999572753906,686.2899780273438,411.32000732421875
2026-02-19,260.5799865722656,204.86000061035156,398.4599914550781,187.89999389648438,684.47998046875,411.7099914550781
